days_on_platform,minutes_watched,courses_started,practice_exams_started,student_country_encoded,purchased
66,1.1,1,0,108,0
66,2.3,1,0,95,0
241,20.8,1,0,37,0
271,0.2,1,0,35,0
162,4.1,1,0,88,0
157,1.2,1,0,55,0
41,0.2,1,0,121,0
65,39.6,1,0,88,0
1,54.2,1,2,49,1
64,38.5,1,0,126,0
102,7.3,3,0,29,0
225,15.7,1,0,121,0
191,44.5,1,0,96,0
291,0.4,1,0,126,0
239,13.3,1,0,110,0
149,7.4,1,0,88,0
56,73.7,1,1,104,0
9,0.1,1,0,126,0
230,3.0,1,0,55,0
278,2.1,1,0,55,0
101,2.7,1,0,55,0
15,1.2,1,0,55,0
1,128.9,1,4,41,1
86,144.6,2,3,55,0
128,1.3,1,0,35,0
68,0.6,1,0,25,0
137,0.3,1,0,29,0
75,1.2,1,0,55,0
37,1.4,1,0,25,0
163,1.8,1,0,55,0
24,1.0,1,0,91,0
16,12.8,1,0,89,0
224,0.1,1,0,28,0
198,62.1,1,0,41,0
135,4.5,1,0,73,0
98,7.0,2,0,35,0
71,2.0,1,0,58,0
6,0.9,1,0,41,0
50,36.8,2,1,55,0
44,28.6,1,0,112,0
245,3.4,1,0,55,0
203,2.2,1,0,29,0
261,1.5,1,0,35,0
71,1.1,1,0,55,0
234,0.2,1,0,55,0
66,32.1,2,1,5,0
103,5.6,1,0,126,0
141,1.2,1,0,35,0
11,1.9,1,0,55,0
210,41.7,2,0,46,0
268,12.3,1,0,30,0
119,34.3,1,0,9,0
0,35.6,1,0,126,1
11,0.1,1,0,55,0
285,0.1,1,0,88,0
241,8.0,1,0,19,0
0,44.6,1,0,126,1
65,5.0,1,0,41,0
188,6.9,1,0,109,0
37,49.6,1,2,56,0
185,28.4,1,0,55,0
9,0.1,1,0,41,0
227,57.2,1,0,55,0
51,3.7,1,0,88,0
70,1.2,1,0,35,0
195,5.5,1,0,55,0
51,0.1,1,0,0,0
91,4.0,1,0,55,0
139,6.6,1,0,121,0
14,42.0,1,2,101,0
97,10.5,1,4,126,0
50,4.3,1,0,41,0
95,1.6,1,0,88,0
150,1.1,1,0,35,0
135,29.8,1,0,56,0
64,18.7,1,0,111,0
130,10.3,1,0,19,0
47,22.9,1,0,41,0
132,1.5,1,0,52,0
19,4.9,1,0,54,0
181,0.3,1,0,85,0
229,5.8,1,0,45,0
66,0.8,1,0,35,0
181,3.0,1,0,32,0
90,4.8,1,0,108,0
65,141.0,1,0,35,0
68,0.5,1,0,55,0
7,41.3,1,2,16,1
67,35.7,1,0,35,0
0,58.6,1,0,54,1
265,16.3,1,0,88,0
165,77.7,1,0,41,0
125,259.3,1,0,88,0
138,0.4,1,0,35,0
152,1.1,1,0,55,0
13,0.5,1,0,41,0
71,183.0,1,0,126,0
25,0.2,1,0,95,0
212,9.8,1,0,29,0
95,81.0,2,4,126,0
149,1.0,1,0,55,0
0,30.4,1,0,108,1
263,10.4,1,0,106,0
1,44.0,2,0,95,1
131,0.3,1,0,35,0
280,40.6,1,0,126,0
26,27.9,1,0,88,0
66,2.3,1,0,120,0
202,5.7,1,0,121,0
40,2.0,1,0,126,0
10,0.1,1,0,35,0
19,135.2,1,0,126,1
222,44.4,1,0,68,0
286,3.9,1,0,128,0
113,9.3,1,0,88,0
55,0.4,1,0,121,0
138,42.1,1,0,101,0
160,1.4,1,0,0,0
259,7.3,1,0,85,0
62,25.5,1,0,55,0
190,40.2,1,0,58,0
126,2.5,1,0,101,0
141,6.2,1,0,88,0
262,8.2,1,0,88,0
260,0.4,1,0,114,0
2,95.8,1,0,108,1
223,30.6,1,0,16,0
29,0.3,1,0,5,0
166,109.7,3,0,55,0
199,0.7,1,0,126,0
229,59.1,4,0,88,0
41,11.7,1,0,55,0
144,14.6,1,0,55,0
234,6.3,1,0,19,0
178,5.0,1,0,85,0
65,16.3,1,0,88,0
291,0.1,1,0,119,0
187,43.7,1,0,29,0
263,44.5,1,0,126,0
60,31.0,1,0,55,0
272,18.8,1,0,126,0
286,61.9,1,0,55,0
114,44.6,1,1,108,0
272,2.1,1,0,53,0
82,28.6,1,0,96,0
64,26.4,1,0,88,0
203,50.4,3,0,27,0
10,0.1,1,0,55,0
107,13.0,1,0,66,0
65,64.1,1,0,89,0
188,5.8,1,0,35,0
8,93.8,1,0,55,1
116,32.4,1,0,126,0
15,18.2,1,1,126,0
201,0.4,1,0,52,0
5,106.9,1,1,41,1
201,0.9,1,0,126,0
229,43.5,1,0,41,0
1,0.3,1,0,41,0
100,0.4,1,0,55,0
218,5.2,2,0,126,0
112,1.8,1,0,106,0
171,2.6,1,0,79,0
291,1.5,1,0,55,0
65,31.2,1,0,133,0
244,4.3,1,0,41,0
98,19.4,1,0,55,0
7,99.8,1,3,52,1
226,0.1,1,0,77,0
225,4.6,1,0,108,0
258,1.2,1,0,96,0
283,0.9,1,0,58,0
209,0.5,1,0,73,0
2,6.6,1,0,55,0
284,5.6,1,0,55,0
0,5.4,1,0,19,1
165,0.5,1,0,55,0
160,47.4,1,0,68,0
180,10.1,1,0,88,0
249,73.7,1,0,7,0
36,5.0,1,0,29,0
70,9.2,3,0,61,0
64,49.5,1,0,108,0
1,4.8,1,0,121,0
1,332.0,2,0,126,1
222,1.0,1,0,88,0
272,8.3,1,0,126,0
153,3.2,1,0,42,0
64,0.5,1,0,35,0
193,17.9,1,0,55,0
74,1.4,1,0,68,0
6,53.4,2,0,126,0
52,11.4,2,0,126,0
113,27.1,1,0,29,0
209,0.5,1,0,35,0
10,0.6,1,0,55,0
20,25.7,1,1,35,0
7,8.7,2,1,35,0
118,256.4,3,3,124,0
15,3.7,2,0,55,0
167,4.9,1,0,126,0
17,0.1,1,0,5,0
145,68.1,2,0,88,0
246,36.2,1,0,35,0
0,59.6,1,0,126,0
140,53.6,1,0,56,0
42,100.4,2,0,36,0
189,65.6,3,2,55,0
19,0.2,1,0,55,0
110,0.7,1,0,88,0
269,6.4,1,0,126,0
64,5.6,1,0,35,0
37,0.9,1,0,56,0
35,84.9,1,0,41,0
85,4.6,1,0,126,0
118,6.8,1,0,35,0
122,0.2,1,0,35,0
147,15.1,1,0,129,0
57,2.0,1,1,55,0
139,0.1,1,0,36,0
218,36.5,1,0,41,0
47,13.4,1,0,29,0
64,0.5,1,0,35,0
195,2.8,1,0,41,0
65,6.1,1,0,84,0
177,1.7,1,0,7,0
281,10.5,1,0,55,0
1,30.4,1,0,34,1
2,83.0,2,0,97,1
258,55.2,3,0,55,0
147,0.4,1,0,55,0
83,152.1,1,2,126,0
34,2.0,1,0,88,0
65,86.2,2,0,88,0
33,9.4,1,0,89,0
274,17.6,2,0,55,0
65,1.0,1,0,88,0
96,0.7,1,0,55,0
131,1.1,1,0,35,0
162,1.1,1,0,21,0
48,26.1,1,0,126,0
103,3.8,1,0,55,0
0,1.2,1,0,126,1
107,132.2,1,0,36,0
113,1.8,1,0,126,0
200,446.2,11,8,56,0
73,0.5,1,0,55,0
170,26.7,1,0,52,0
127,1.1,1,0,55,0
182,12.3,2,0,19,0
40,1.8,1,0,126,0
65,0.2,1,0,55,0
88,21.8,1,0,55,0
72,52.5,2,0,36,0
48,71.1,1,0,101,0
39,0.1,1,0,126,0
82,18.8,1,0,126,0
200,1.0,1,0,73,0
38,8.8,1,1,126,0
93,0.8,1,0,60,0
91,10.4,1,0,55,0
275,30.0,1,0,93,0
58,10.8,1,0,55,0
125,0.4,1,0,55,0
12,45.8,1,1,126,0
214,2.1,1,0,37,0
67,2.8,1,0,40,0
0,6.5,1,0,126,1
262,1.2,1,0,95,0
140,2.6,1,0,35,0
88,2.3,3,0,126,0
18,0.2,1,0,55,0
161,110.9,1,0,29,0
225,0.7,1,0,41,0
196,0.2,1,0,55,0
207,54.8,2,0,110,0
132,5.2,1,0,35,0
154,25.2,1,0,126,0
37,0.1,1,0,35,0
0,16.7,1,0,126,1
66,17.6,1,0,130,0
65,53.9,1,0,88,0
170,18.5,1,0,88,0
104,47.0,1,2,121,0
5,1.2,1,0,129,0
33,1.3,1,0,108,0
69,16.4,1,0,88,0
0,3.9,1,0,63,1
22,9.6,1,0,55,0
7,1.4,1,0,80,0
66,0.1,1,0,129,0
124,0.3,1,0,55,0
5,0.1,1,0,19,0
276,2.9,1,0,9,0
2,217.6,1,0,54,1
1,167.6,1,0,126,1
21,94.9,2,0,126,1
103,2.3,1,0,52,0
114,35.2,1,0,52,0
10,0.1,1,0,68,0
31,0.1,1,0,111,0
262,0.2,1,0,121,0
36,1.7,1,0,56,0
247,3.3,1,0,55,0
179,2.2,1,0,52,0
132,0.2,1,0,35,0
255,8.9,1,0,53,0
7,6.6,1,0,126,0
267,11.9,1,0,129,0
209,1.0,1,0,67,0
27,78.7,1,0,35,0
214,1.7,1,0,3,0
19,0.8,1,0,100,0
64,1.6,1,0,55,0
3,0.1,1,0,126,0
75,3.8,1,0,35,0
241,1.3,1,0,3,0
51,8.3,1,0,55,0
88,98.9,1,0,55,0
197,0.1,1,0,55,0
24,12.5,3,0,19,0
22,101.7,1,0,28,1
237,91.0,1,0,28,0
21,2.9,1,0,128,0
40,10.0,1,0,55,0
249,23.9,2,0,36,0
50,43.1,1,0,126,0
77,2.6,1,0,36,0
215,0.1,1,0,55,0
72,0.2,1,0,35,0
60,78.4,2,2,126,0
86,16.1,1,0,97,0
53,36.6,1,0,126,0
12,7.4,1,0,29,0
162,513.2,8,0,62,0
85,0.1,1,0,55,0
44,1.3,2,0,120,0
52,1.9,1,0,101,0
226,38.4,1,0,55,0
35,44.2,2,2,35,0
21,1.6,1,0,40,0
147,0.9,1,0,35,0
234,0.1,1,0,55,0
289,30.9,1,0,126,0
43,6.2,1,0,41,0
102,57.2,1,0,40,0
117,1.0,1,0,121,0
140,6.2,1,0,56,0
70,118.4,1,0,119,0
70,0.2,1,0,35,0
118,41.4,1,0,52,0
7,0.6,1,0,5,0
101,5.4,1,0,126,0
183,54.9,1,0,88,0
0,8.6,1,0,19,1
65,23.3,1,0,94,0
94,0.1,1,1,41,0
82,115.9,2,4,55,0
259,1.1,1,0,52,0
139,5.7,1,0,35,0
65,80.8,1,2,89,0
93,17.4,1,0,29,0
264,3.9,1,0,55,0
15,9.7,1,0,41,0
225,4.3,1,0,16,0
225,9.8,1,0,126,0
52,9.1,1,0,55,0
229,20.7,1,0,88,0
210,79.8,1,0,55,0
78,278.0,2,7,40,0
163,76.2,2,0,88,0
239,45.0,1,0,126,0
48,0.1,1,0,88,0
134,48.0,1,0,19,0
216,45.1,1,0,62,0
142,9.9,1,0,5,0
79,6.6,1,0,6,0
213,5.9,1,0,126,0
258,2.0,1,0,55,0
73,6.6,1,0,5,0
247,69.4,1,0,47,0
78,0.4,1,0,101,0
118,23.4,1,1,55,0
0,64.2,1,1,19,1
64,1.2,1,0,55,0
143,4.8,1,0,0,0
99,3.3,1,0,85,0
1,43.5,1,0,126,1
78,259.5,3,1,41,0
180,2.9,1,0,7,0
72,60.1,1,2,129,0
279,0.1,1,0,126,0
215,85.4,1,0,17,0
163,1.0,1,0,126,0
273,5.8,1,0,55,0
96,86.0,1,1,131,0
2,43.1,1,0,126,1
119,0.4,1,0,55,0
261,1.4,1,0,88,0
39,231.8,3,2,35,0
38,0.1,1,0,41,0
63,57.2,1,0,55,0
66,37.6,1,2,35,0
151,1.9,2,0,121,0
118,7.7,1,0,12,0
52,2.9,1,0,12,0
49,22.6,1,0,126,0
5,2.8,1,0,126,0
33,4.2,1,0,105,0
2,113.5,2,0,39,1
256,0.4,1,0,7,0
56,6.7,1,0,55,0
176,32.3,1,0,16,0
109,38.5,1,0,35,0
51,9.3,1,0,12,0
140,2.1,1,0,88,0
193,0.3,1,0,35,0
0,156.7,1,0,41,1
1,107.7,1,0,35,1
82,0.6,1,0,108,0
81,38.6,1,0,126,0
154,2.1,1,0,88,0
0,29.0,1,0,41,1
116,0.4,1,0,126,0
28,0.1,1,0,5,0
94,12.3,1,0,3,0
110,49.8,1,0,55,0
0,0.1,1,0,55,0
241,0.4,2,0,52,0
224,0.9,1,0,55,0
249,40.3,1,0,62,0
99,2.4,1,0,55,0
193,0.1,1,0,100,0
18,92.5,1,3,126,0
36,0.1,1,0,126,0
98,6.0,1,0,43,0
59,0.5,1,0,126,0
52,52.6,1,1,62,0
4,2.0,2,0,86,0
6,130.6,1,0,88,1
18,62.9,1,3,126,0
39,73.7,1,0,35,0
217,6.5,1,0,126,0
67,48.6,1,2,55,0
213,95.5,2,0,88,0
30,2.3,1,0,121,0
1,108.2,1,0,30,1
19,0.1,1,0,96,0
124,68.1,2,2,126,0
18,0.2,1,1,35,0
24,53.2,1,0,126,0
30,36.8,1,0,115,0
17,109.5,2,1,104,0
83,0.2,1,0,130,0
106,57.3,1,0,126,0
240,1.2,1,0,126,0
110,2.0,1,0,104,0
24,0.6,1,0,20,0
288,1.2,1,0,55,0
26,317.6,1,5,126,0
216,1.0,1,0,19,0
70,1.1,1,0,29,0
119,1.6,1,0,55,0
0,0.2,1,0,35,1
159,44.3,1,0,41,0
250,1.2,1,0,73,0
63,13.4,1,0,126,0
65,247.8,2,0,88,0
266,0.7,1,0,55,0
50,0.7,2,0,47,0
103,50.4,1,1,5,0
69,5.0,1,0,35,0
253,4.5,1,0,108,0
292,41.9,2,0,32,0
14,3.9,1,0,111,0
70,51.2,3,0,88,0
140,68.8,1,0,32,0
129,28.9,1,0,55,0
253,6.5,1,0,55,0
62,0.8,1,0,95,0
35,42.3,1,2,58,0
4,0.4,1,0,55,0
122,0.2,1,0,108,0
96,17.0,1,0,128,0
66,507.8,1,0,62,0
46,18.2,1,0,41,0
164,78.9,1,1,55,0
8,16.5,1,0,97,0
108,0.3,1,0,126,0
202,13.3,1,0,35,0
1,50.4,1,0,126,1
168,2.8,1,0,5,0
167,6.6,1,0,88,0
2,87.6,2,2,126,1
20,2.7,1,0,55,0
279,56.0,1,0,35,0
170,2.6,1,0,68,0
106,183.0,1,0,90,0
109,0.9,1,0,126,0
217,2.5,1,0,35,0
188,1.9,1,0,129,0
219,81.6,1,0,120,0
68,3.8,1,0,35,0
239,16.3,1,0,126,0
274,15.7,3,0,19,0
79,35.7,1,5,55,0
30,0.3,1,0,88,0
91,42.4,1,2,55,0
0,52.0,1,0,47,1
10,0.1,1,0,25,0
287,18.2,1,0,126,0
0,26.2,1,0,126,1
1,32.6,1,0,119,1
89,117.6,3,1,55,0
36,1.4,1,0,56,0
14,2.9,1,0,9,0
155,2.6,1,0,73,0
119,168.4,1,0,19,0
192,0.5,1,0,85,0
214,1.7,1,0,126,0
57,33.4,1,0,111,0
115,0.7,1,0,88,0
79,35.1,2,0,55,0
39,0.1,1,0,35,0
222,120.2,2,0,126,0
70,121.6,2,2,35,0
97,7.7,1,0,79,0
66,0.1,1,0,35,0
66,348.8,1,0,55,0
214,43.7,1,0,29,0
102,24.9,1,2,10,0
0,28.3,1,0,36,1
140,10.4,1,0,56,0
241,1.8,1,0,41,0
110,2.5,1,0,11,0
12,10.6,1,0,126,0
289,43.4,3,0,35,0
276,25.7,1,0,97,0
12,0.1,1,0,110,0
70,331.2,5,8,35,0
241,8.1,1,0,55,0
0,1.6,1,0,73,1
162,0.1,1,0,55,0
258,29.0,1,0,88,0
129,11.0,1,0,55,0
41,0.1,1,0,125,0
52,1.4,1,0,126,0
32,0.1,1,0,19,0
256,0.2,1,0,55,0
0,11.3,1,0,126,1
0,11.9,1,1,55,1
78,20.7,1,0,126,0
278,0.4,1,0,55,0
54,0.4,1,0,35,0
64,0.2,1,0,89,0
234,0.9,1,0,55,0
139,16.5,1,0,126,0
231,5.0,1,0,88,0
219,4.4,1,0,55,0
40,3.0,1,0,53,0
87,1.0,1,0,35,0
61,20.5,1,1,35,0
72,0.1,1,0,77,0
181,16.6,2,0,89,0
66,7.2,1,0,35,0
66,0.4,2,0,35,0
260,0.7,1,0,131,0
31,25.9,1,0,19,0
0,47.2,1,0,111,1
152,6.9,1,0,126,0
70,37.5,1,2,89,0
281,1.2,1,0,55,0
9,6.9,2,0,73,0
178,0.1,1,0,55,0
238,5.3,1,0,55,0
41,0.9,2,0,55,0
177,12.0,1,0,106,0
125,39.0,1,0,55,0
151,0.8,1,0,35,0
129,0.1,1,0,52,0
0,46.7,1,0,126,1
292,2.1,1,0,37,0
183,1.2,1,0,41,0
192,11.7,1,0,29,0
19,0.3,1,0,41,0
102,1141.7,6,48,41,0
45,0.4,1,0,101,0
78,0.1,1,0,55,0
157,18.9,1,0,126,0
227,5.9,1,0,126,0
189,39.0,1,0,73,0
146,4.6,1,0,7,0
140,1.4,1,0,35,0
253,46.6,1,0,45,0
228,0.1,1,0,126,0
74,0.1,1,0,19,0
206,45.5,1,0,41,0
114,10.8,1,2,126,0
203,7.6,1,0,73,0
70,194.1,4,7,35,0
198,111.8,1,0,106,0
5,155.0,1,0,35,1
2,1.6,1,0,126,0
239,15.4,2,0,29,0
33,1.0,1,0,35,0
137,44.4,2,0,55,0
19,0.1,1,0,129,0
80,16.3,1,0,97,0
6,150.4,3,0,126,1
66,21.4,1,0,55,0
212,0.6,1,0,1,0
9,0.1,1,0,35,0
291,0.1,1,0,35,0
3,15.9,1,0,55,0
186,18.4,1,0,55,0
162,0.1,1,0,126,0
2,0.1,1,0,35,0
25,1.2,1,0,55,0
39,10.5,1,0,108,0
39,0.2,1,0,19,0
35,0.2,1,0,12,0
9,84.7,1,0,129,1
191,59.2,2,0,19,0
70,0.9,1,0,55,0
123,1.5,1,0,20,0
66,30.4,1,0,97,0
132,1.1,1,0,35,0
103,11.8,1,0,86,0
37,99.1,2,7,89,0
67,102.6,4,1,55,0
2,11.7,1,0,55,0
290,4.3,1,0,5,0
2,30.3,1,0,86,0
197,41.2,2,0,88,0
126,40.6,1,0,16,0
273,1.3,1,0,89,0
0,9.5,1,0,9,1
50,4.3,2,0,55,0
173,1.6,1,0,55,0
92,20.8,1,0,35,0
230,0.8,1,0,88,0
184,19.6,1,0,88,0
39,0.3,1,0,35,0
209,2.2,1,0,55,0
209,1.1,1,0,73,0
219,0.4,1,0,55,0
113,0.4,1,0,18,0
136,18.3,2,0,35,0
176,4.5,1,0,25,0
99,0.9,1,0,35,0
15,8.0,1,0,55,0
132,8.2,1,0,126,0
143,58.1,1,0,88,0
107,0.2,1,0,131,0
15,50.0,1,2,55,0
42,2.6,1,0,126,0
124,1.2,1,0,32,0
4,0.1,1,0,3,0
159,0.5,1,0,55,0
15,2.5,1,0,41,0
65,2.8,1,0,9,0
238,53.8,1,0,37,0
90,4.0,1,0,108,0
250,2.1,1,0,126,0
239,10.3,1,0,25,0
284,1.0,1,0,55,0
56,38.4,1,0,126,0
0,0.2,1,0,121,1
0,6.7,1,0,97,1
0,14.2,1,0,5,1
52,55.9,1,0,55,0
225,4.0,1,0,96,0
20,44.3,1,0,88,0
128,6.4,1,0,126,0
66,0.5,1,0,88,0
56,1.7,1,0,29,0
7,209.1,1,9,126,1
24,0.1,1,0,46,0
154,8.3,1,0,126,0
6,14.6,1,0,40,1
95,12.9,1,0,126,0
12,0.1,1,0,9,0
1,0.1,1,0,126,0
107,2.9,1,0,7,0
250,45.7,1,0,55,0
13,57.7,1,0,126,1
157,47.9,1,0,126,0
150,0.4,1,0,55,0
163,19.4,1,0,88,0
8,1.4,1,0,95,0
289,44.4,1,0,55,0
124,65.9,1,0,88,0
231,71.0,1,0,60,0
66,60.8,1,0,126,0
219,0.6,1,0,126,0
272,20.8,2,0,55,0
135,12.6,1,0,126,0
101,1.2,1,0,126,0
84,0.8,1,0,35,0
260,52.9,1,0,63,0
38,27.2,1,0,19,0
154,99.8,1,0,73,0
175,47.4,2,0,97,0
161,10.8,1,0,131,0
12,70.1,1,0,55,0
173,0.1,1,0,55,0
239,25.8,1,0,55,0
125,5.1,1,0,19,0
66,281.1,2,0,55,0
51,5.1,1,0,126,0
69,18.5,2,0,126,0
242,24.7,1,0,61,0
65,286.9,3,2,97,0
283,0.2,1,0,120,0
65,44.2,1,0,55,0
53,0.1,1,0,41,0
191,11.1,2,0,55,0
163,1.3,1,0,19,0
159,6.4,1,0,55,0
276,0.9,1,0,55,0
170,127.9,2,0,12,0
89,2.0,1,0,91,0
1,0.2,1,0,55,0
250,16.0,1,0,108,0
69,31.3,1,0,73,0
182,1.2,1,0,9,0
126,0.6,1,0,55,0
129,20.7,1,0,41,0
70,0.2,1,0,25,0
67,12.1,1,0,97,0
134,71.4,1,0,62,0
65,1.5,1,0,88,0
227,3.9,1,0,62,0
203,22.3,1,0,29,0
42,17.8,1,0,29,0
215,0.1,1,0,130,0
134,6.2,1,0,96,0
287,7.3,1,0,129,0
229,1.3,1,0,35,0
218,1.3,1,0,120,0
279,20.1,1,0,55,0
252,16.3,1,0,55,0
127,4.4,1,0,36,0
64,27.8,1,0,97,0
258,5.2,2,0,104,0
109,7.0,1,0,129,0
277,0.1,1,0,7,0
66,271.1,2,2,55,0
195,16.7,1,0,64,0
63,0.1,1,0,16,0
262,1.0,1,0,19,0
123,93.3,4,1,41,0
216,14.4,1,0,132,0
115,1.1,1,0,55,0
0,22.1,1,0,41,1
253,17.3,1,0,19,0
57,1.2,1,0,126,0
117,6.6,1,0,19,0
125,9.7,1,0,55,0
118,3.5,1,0,126,0
170,43.7,1,0,41,0
252,19.0,1,0,25,0
65,9.9,1,0,88,0
6,2.0,1,0,55,0
97,38.1,1,0,126,0
0,7.1,1,0,108,1
255,7.4,1,0,109,0
65,367.9,1,0,92,0
179,0.9,1,0,35,0
0,43.2,1,0,126,1
281,2.4,1,0,61,0
157,7.7,1,0,110,0
73,17.8,1,0,126,0
70,1.1,1,0,97,0
140,15.3,1,0,56,0
144,7.2,1,0,35,0
220,0.9,1,0,55,0
112,3.2,1,0,5,0
85,46.9,2,0,41,0
55,43.4,1,0,55,0
83,34.7,1,0,126,0
100,7.6,1,0,126,0
7,6.6,1,0,126,0
207,16.4,1,0,31,0
227,363.7,1,0,126,0
58,19.3,1,0,53,0
202,1.8,1,0,9,0
206,7.0,1,0,35,0
3,0.1,1,0,41,0
236,0.9,1,0,55,0
68,3.2,1,0,47,0
161,1.8,1,0,10,0
165,10.4,1,0,85,0
287,28.4,1,0,19,0
258,0.1,1,0,113,0
56,27.7,1,0,64,0
206,0.5,1,0,126,0
196,11.3,1,0,126,0
199,0.6,1,0,27,0
274,10.6,1,0,109,0
212,1311.3,6,0,126,0
219,45.0,1,0,55,0
279,0.3,1,0,73,0
267,0.7,1,0,55,0
276,1.3,1,0,42,0
235,0.1,1,0,97,0
241,4.1,1,0,55,0
290,0.9,1,0,55,0
99,73.6,1,0,55,0
262,0.3,1,0,56,0
5,58.3,1,0,16,1
85,3.6,1,0,55,0
10,70.9,1,2,29,1
255,0.9,1,0,126,0
19,0.4,1,0,55,0
0,11.9,1,0,41,1
66,16.3,1,1,58,0
227,6.5,1,0,88,0
15,7.6,2,0,97,0
19,0.1,1,0,35,0
30,42.0,1,2,52,0
291,0.1,1,0,35,0
140,307.2,3,2,35,0
229,3.7,1,0,55,0
0,23.4,1,1,41,1
27,3.3,1,0,55,0
168,43.3,1,0,126,0
127,3.1,1,0,126,0
31,0.6,1,0,19,0
291,1.1,1,0,35,0
0,0.6,1,0,25,1
140,3.8,1,0,0,0
53,6.4,1,0,41,0
99,4.0,1,0,108,0
101,1.2,1,0,126,0
203,1.1,1,0,55,0
10,0.4,1,0,89,0
66,0.2,1,0,121,0
34,0.4,1,0,55,0
22,101.9,2,3,25,0
69,3.2,1,0,60,0
88,1.4,1,0,97,0
257,1.2,1,0,19,0
0,7.3,1,0,126,1
193,6.7,1,0,37,0
277,8.7,1,0,126,0
57,6.2,1,0,41,0
1,72.1,1,0,85,1
59,0.3,1,0,40,0
60,50.1,1,0,88,0
64,70.3,1,0,21,0
96,33.7,2,0,29,0
203,4.3,1,0,9,0
107,1.3,1,0,55,0
13,11.4,1,0,133,0
153,8.9,2,2,126,0
70,165.7,3,0,121,0
8,0.1,1,0,12,0
65,5.1,2,3,58,0
215,30.7,1,0,126,0
236,0.3,1,0,126,0
0,59.8,1,0,126,0
126,0.2,1,0,121,0
224,13.4,1,0,126,0
146,0.3,1,0,52,0
267,53.8,1,0,67,0
260,5.1,1,0,52,0
277,15.8,1,0,58,0
137,2.1,1,0,35,0
136,0.2,1,0,55,0
111,1.2,1,0,126,0
26,0.2,1,0,55,0
136,44.5,1,0,5,0
215,102.9,2,0,111,0
137,0.2,1,0,55,0
281,1.3,1,0,85,0
66,0.8,1,0,29,0
199,46.9,1,0,62,0
208,7.7,1,0,88,0
154,0.4,1,0,101,0
207,10.5,1,0,36,0
174,7.0,1,0,89,0
10,41.3,1,0,34,0
129,1.2,1,0,35,0
173,67.4,1,0,62,0
200,0.1,1,0,126,0
219,0.1,1,0,19,0
94,4.2,1,0,129,0
261,6.0,1,0,126,0
152,9.2,1,0,16,0
95,21.3,1,1,35,0
0,23.5,1,0,19,1
283,1.4,1,0,55,0
120,1.9,1,0,35,0
1,53.8,2,0,97,1
33,0.1,1,0,55,0
6,0.7,1,0,68,0
99,0.5,1,0,73,0
114,0.1,1,0,55,0
175,2.6,1,0,7,0
4,20.6,1,0,67,0
20,34.6,1,0,79,0
186,57.2,3,0,19,0
155,54.4,2,0,126,0
93,2.8,1,0,108,0
225,0.2,1,0,88,0
196,2.0,1,0,16,0
23,9.3,2,0,62,0
121,37.7,1,0,126,0
181,0.1,1,0,121,0
110,1.4,1,0,108,0
8,1.4,1,0,88,0
50,10.0,1,0,16,0
5,9.4,1,0,85,0
182,0.3,1,0,133,0
121,2.2,1,0,35,0
3,26.9,2,0,55,1
225,9.5,1,0,126,0
161,8.5,1,0,19,0
76,0.3,1,0,97,0
281,24.7,1,0,55,0
65,4.8,1,0,129,0
49,2.2,1,0,129,0
219,0.4,1,0,92,0
13,1.3,1,0,32,0
166,127.0,2,0,35,0
136,3.3,1,0,126,0
77,19.9,1,0,125,0
282,41.1,1,0,58,0
234,31.1,1,0,101,0
164,49.7,1,0,35,0
0,16.8,1,0,55,1
134,0.3,1,0,7,0
165,2.3,1,0,126,0
171,45.7,1,0,19,0
257,33.8,1,0,129,0
241,55.5,1,0,126,0
69,67.5,1,0,67,0
187,1.8,2,0,53,0
0,9.7,1,0,41,1
223,0.4,1,0,129,0
182,41.6,1,0,55,0
12,0.1,1,0,35,0
109,1.6,1,0,88,0
163,72.3,2,0,125,0
29,2.3,1,0,129,0
66,359.2,8,0,120,0
14,0.6,1,0,35,0
186,6.7,1,0,126,0
69,12.7,1,0,55,0
136,4.0,1,0,41,0
25,9.0,1,0,40,0
161,0.5,2,0,88,0
252,42.8,1,0,55,0
201,87.1,2,0,55,0
290,0.2,1,0,97,0
79,0.8,1,0,115,0
74,44.7,1,2,19,0
53,1.2,1,0,126,0
3,0.1,1,0,88,0
55,3.6,1,0,19,0
50,1.4,1,0,29,0
20,0.2,1,0,41,0
251,57.6,2,0,98,0
27,41.2,1,2,97,0
110,6.1,1,0,55,0
116,6.8,2,0,111,0
33,18.1,1,0,55,0
51,2.2,1,0,22,0
202,39.6,1,0,52,0
195,31.3,1,0,88,0
202,0.1,1,0,55,0
7,12.8,1,0,126,0
99,0.4,1,0,0,0
280,1.0,1,0,55,0
220,3.2,1,0,89,0
219,0.8,1,0,10,0
10,0.1,1,0,35,0
164,54.5,1,0,29,0
203,1.3,1,0,55,0
134,311.5,3,0,0,0
163,1.4,1,0,108,0
40,1.1,1,0,89,0
39,12.0,1,0,86,0
45,10.1,1,0,55,0
280,0.2,1,0,55,0
101,0.5,1,0,55,0
254,21.2,1,0,62,0
157,5.2,1,0,126,0
240,0.3,1,0,55,0
36,13.5,1,0,126,0
115,14.3,1,0,5,0
1,133.7,1,0,41,1
248,0.4,1,0,52,0
280,4.0,1,0,121,0
188,43.9,1,0,38,0
58,0.3,1,0,85,0
0,11.5,1,0,19,1
186,0.5,1,0,19,0
112,9.4,1,0,55,0
184,29.9,2,0,55,0
256,0.6,1,0,55,0
228,30.5,1,0,126,0
276,4.3,1,0,55,0
140,1.5,1,0,41,0
13,1.2,1,0,56,0
115,19.3,1,0,60,0
95,50.8,1,0,68,0
125,10.2,1,0,88,0
46,1.3,1,0,88,0
14,130.2,2,1,41,0
5,2.5,1,0,55,0
135,0.7,1,0,89,0
22,30.4,1,1,55,0
10,0.2,1,0,88,0
260,0.9,1,0,101,0
158,1.5,1,0,55,0
218,1.2,1,0,35,0
10,0.1,1,0,41,0
35,0.2,1,0,55,0
154,0.6,1,0,55,0
234,0.3,1,0,108,0
273,43.7,1,0,88,0
115,9.2,1,0,32,0
269,6.5,1,0,88,0
81,36.7,1,0,55,0
0,1.1,1,0,65,1
104,1.4,1,0,55,0
48,0.1,1,0,55,0
228,73.7,2,0,73,0
56,2.2,1,0,89,0
20,116.7,2,2,52,0
179,1.2,1,0,41,0
83,46.2,1,2,126,0
94,33.9,1,0,40,0
82,4.0,1,0,45,0
257,7.0,1,0,88,0
101,22.5,2,0,29,0
15,68.6,1,1,126,0
121,7.3,1,0,55,0
201,0.1,1,0,18,0
177,50.3,1,0,131,0
270,549.3,7,0,97,0
16,40.0,1,0,19,0
199,17.2,1,0,55,0
1,164.3,1,0,36,1
1,62.9,1,0,89,1
276,0.2,1,0,35,0
0,52.8,1,0,126,0
31,0.7,1,0,55,0
160,1.2,1,0,55,0
66,0.2,1,0,35,0
79,5.8,1,0,55,0
94,39.6,1,1,98,0
0,16.0,1,0,55,1
104,0.1,1,0,119,0
82,36.5,1,0,53,0
6,16.2,2,0,19,0
242,5.2,1,0,67,0
94,32.4,1,0,55,0
169,24.3,1,0,126,0
274,10.4,1,0,55,0
174,1.2,1,0,126,0
170,3.1,1,0,5,0
7,1.4,1,0,12,0
102,80.9,1,2,55,0
181,4.3,1,0,126,0
246,2.4,1,0,126,0
117,0.3,1,0,19,0
12,3.9,1,0,55,0
18,355.1,2,7,105,0
275,0.5,1,0,35,0
159,19.1,1,0,87,0
64,0.4,1,3,100,0
38,0.5,1,0,55,0
0,113.4,1,0,126,1
220,0.6,1,0,56,0
243,0.5,1,0,55,0
243,35.1,1,0,52,0
219,18.9,1,0,58,0
290,156.4,3,0,88,0
185,1.2,1,0,55,0
230,24.2,2,0,55,0
65,0.8,1,0,55,0
280,3.3,1,0,55,0
112,0.3,1,0,73,0
2,26.4,1,0,89,1
80,124.4,1,0,126,0
42,99.7,1,0,131,0
5,4.3,1,0,3,0
52,10.3,1,0,101,0
142,11.2,1,0,96,0
241,7.7,1,0,108,0
12,0.7,1,0,35,0
6,0.4,1,0,35,0
189,29.0,1,0,55,0
65,74.9,1,0,55,0
236,9.6,1,0,61,0
196,27.7,2,0,88,0
108,14.3,1,0,53,0
247,5.1,1,0,55,0
57,0.1,1,0,97,0
28,3.5,1,0,55,0
139,30.6,1,0,35,0
0,32.1,1,0,40,1
244,19.4,1,0,19,0
260,8.2,1,0,38,0
4,15.5,1,0,110,0
278,264.3,3,0,98,0
70,0.2,1,0,55,0
42,17.7,1,0,55,0
200,4.4,1,0,55,0
168,4.3,1,0,126,0
26,3.7,1,0,55,0
186,3.1,3,0,55,0
80,35.6,1,0,19,0
225,31.4,1,0,40,0
10,211.7,3,3,126,1
126,7.0,1,0,88,0
281,6.9,2,0,13,0
216,53.2,2,0,126,0
255,32.3,1,0,75,0
143,7.0,2,0,97,0
11,43.6,1,0,88,0
222,33.7,1,0,51,0
37,0.1,1,0,106,0
223,51.2,2,0,29,0
278,1.8,2,0,3,0
281,6.6,1,0,35,0
103,58.8,1,2,62,0
220,1.3,1,0,108,0
37,17.5,1,0,55,0
0,22.0,1,0,10,1
8,23.2,2,0,0,1
141,14.5,1,0,55,0
292,250.4,4,0,35,0
18,19.4,1,0,67,0
244,46.7,1,0,88,0
0,6.6,1,0,126,1
32,0.1,1,0,29,0
9,18.4,1,0,41,0
145,5.4,2,0,88,0
184,55.5,1,0,37,0
279,0.3,1,0,73,0
41,0.5,1,0,126,0
107,33.1,1,0,55,0
111,0.6,1,0,10,0
57,6.8,1,0,55,0
0,125.9,1,0,19,1
205,4.5,1,0,58,0
147,110.7,3,0,19,0
34,2.0,1,0,35,0
217,1.7,1,0,108,0
65,110.9,2,2,55,0
231,89.3,1,0,97,0
260,13.1,1,0,93,0
65,174.6,2,0,55,0
0,26.4,1,0,61,1
7,0.2,1,0,55,0
23,3.3,1,0,96,0
190,0.2,1,0,126,0
139,6.3,1,0,56,0
70,2.6,1,0,52,0
158,82.4,1,0,41,0
73,2.8,1,0,97,0
1,0.1,1,0,85,0
75,20.4,2,0,88,0
6,3.7,1,0,88,0
111,4.4,1,0,55,0
29,0.5,1,0,55,0
200,132.9,1,0,126,0
64,90.6,1,3,106,0
243,119.8,1,0,77,0
155,21.2,1,0,55,0
177,4.3,1,0,86,0
2,119.2,1,0,126,1
95,8.2,1,0,126,0
93,558.3,4,9,32,0
291,0.3,1,0,36,0
5,80.4,1,0,126,1
57,26.7,1,0,40,0
182,6.6,1,0,101,0
202,0.2,1,0,126,0
0,42.0,1,0,101,1
12,18.8,1,0,58,0
261,83.8,2,0,121,0
150,3.6,1,0,126,0
101,302.1,5,5,106,0
72,0.1,1,0,126,0
101,22.5,1,1,126,0
99,8.1,1,0,97,0
11,0.5,1,0,35,0
213,0.3,1,0,126,0
184,41.8,1,0,101,0
90,322.5,2,0,96,0
15,4.3,1,0,126,0
0,18.6,1,0,99,1
58,3.7,1,0,7,0
25,16.3,2,0,110,0
261,0.1,1,0,85,0
63,17.7,1,0,35,0
126,0.2,1,0,126,0
64,0.8,1,0,126,0
22,0.1,1,0,120,0
0,19.8,1,0,12,1
232,44.4,2,0,110,0
248,0.9,1,0,35,0
0,37.2,1,0,41,1
31,1.5,1,0,29,0
78,4.3,1,0,88,0
17,6.8,1,0,98,0
33,6.6,1,0,41,0
139,46.0,1,0,35,0
0,58.1,1,0,0,1
77,2.1,1,0,55,0
165,2.1,1,0,35,0
171,0.4,1,0,88,0
226,133.0,3,0,7,0
132,0.8,1,0,100,0
288,66.9,1,0,88,0
122,48.3,1,0,117,0
34,0.2,1,0,55,0
179,1.0,1,0,55,0
173,17.2,1,0,19,0
186,11.7,1,0,55,0
231,5.7,1,0,5,0
210,1.7,1,0,19,0
139,20.4,1,0,55,0
124,6.2,1,0,85,0
32,0.3,1,0,120,0
256,9.4,1,0,41,0
279,4.2,1,0,108,0
38,61.5,2,2,126,0
70,258.3,4,3,13,0
170,0.2,1,0,7,0
2,0.3,1,0,40,0
133,7.7,1,0,40,0
4,10.1,2,0,40,1
275,1.2,1,0,35,0
219,43.1,1,0,41,0
68,141.0,1,0,7,0
142,172.9,2,0,97,0
272,2.3,1,0,100,0
18,6.2,1,0,58,0
276,35.7,1,0,40,0
245,46.0,1,0,45,0
217,4.6,1,0,40,0
155,0.3,1,0,97,0
32,1.8,1,0,41,0
163,0.3,1,0,55,0
292,63.8,1,0,25,0
71,9.8,1,0,55,0
266,0.9,1,0,120,0
286,5.4,1,0,29,0
218,45.4,1,0,54,0
1,148.3,1,0,19,1
253,12.1,1,0,55,0
64,3.0,1,0,35,0
128,132.1,2,0,96,0
0,100.7,1,0,62,1
169,3.7,1,0,55,0
150,38.7,1,0,131,0
16,2.2,1,0,55,0
198,0.5,1,0,126,0
35,47.4,1,0,43,0
198,42.1,2,0,19,0
119,10.9,1,0,126,0
48,0.8,1,0,89,0
94,19.4,1,0,126,0
118,1.2,1,0,126,0
12,5.8,2,0,55,0
224,18.8,1,0,126,0
166,1.0,1,0,55,0
10,0.3,1,0,55,0
122,11.2,1,0,40,0
265,75.1,1,0,126,0
6,28.2,1,0,35,1
229,52.8,1,0,58,0
238,44.1,2,0,55,0
6,10.1,1,0,58,0
241,100.8,4,0,120,0
199,0.3,1,0,40,0
175,0.2,1,0,12,0
254,103.5,2,0,41,0
7,11.5,1,0,19,0
39,3.2,1,0,41,0
16,2.7,1,0,88,0
156,341.4,4,2,62,0
133,9.4,3,0,33,0
138,4.9,1,0,126,0
39,78.1,1,0,126,0
140,0.1,1,0,126,0
6,0.1,1,0,40,0
190,0.5,1,0,126,0
264,57.3,1,0,103,0
253,44.5,1,0,88,0
229,0.1,1,0,126,0
16,60.5,1,0,35,0
283,5.6,1,0,55,0
156,54.3,1,0,126,0
1,10.0,1,0,19,1
208,0.1,1,0,55,0
1,0.3,1,0,55,0
207,6.5,1,0,65,0
227,0.2,1,0,121,0
222,56.4,1,0,129,0
23,4.9,2,1,85,0
185,163.2,1,0,125,0
88,17.8,1,0,55,0
72,0.9,1,0,129,0
66,4.9,1,0,97,0
0,0.9,1,0,91,1
246,0.3,1,0,131,0
56,490.1,7,1,101,0
245,44.9,1,0,131,0
151,0.4,1,0,7,0
237,9.2,1,0,121,0
86,4.4,1,0,55,0
139,4.3,1,0,35,0
194,0.4,1,0,12,0
6,0.4,1,0,55,0
266,0.5,1,0,55,0
48,4.1,1,0,55,0
17,0.9,1,0,41,0
265,19.3,1,0,55,0
48,9.4,1,0,88,0
73,0.6,1,0,40,0
31,17.1,1,0,126,0
36,0.1,1,0,55,0
5,0.6,1,0,55,0
71,13.3,1,0,4,0
9,0.1,1,0,69,0
134,2.8,1,0,41,0
51,0.1,1,0,55,0
107,53.9,2,0,126,0
266,66.8,1,0,35,0
18,1.6,1,0,41,0
263,2.5,1,0,97,0
195,12.6,1,0,126,0
134,10.5,1,0,55,0
126,0.6,1,0,29,0
225,47.0,2,0,55,0
1,64.4,1,2,108,1
8,9.5,1,2,12,0
5,67.4,1,0,126,1
114,0.7,1,0,89,0
45,61.3,1,0,55,0
225,1.9,1,0,55,0
124,6.6,1,0,88,0
259,7.2,1,0,55,0
228,43.6,1,0,88,0
0,1.8,1,0,101,1
221,1.8,1,0,55,0
90,2.3,1,0,41,0
64,54.5,1,0,55,0
6,0.1,1,0,41,0
250,5.0,1,0,126,0
144,5.0,1,0,55,0
284,64.0,1,0,126,0
123,16.0,1,0,55,0
52,0.1,1,0,55,0
248,34.2,1,0,55,0
35,0.1,1,0,41,0
50,41.5,1,0,88,0
72,59.7,2,2,126,0
0,51.3,1,0,126,0
129,0.3,1,0,37,0
57,129.4,2,3,52,0
191,0.8,1,0,18,0
16,5.0,1,0,55,0
52,0.2,1,1,62,0
136,0.7,1,0,126,0
165,9.1,1,0,41,0
0,49.2,1,0,52,1
217,44.7,1,0,29,0
237,0.2,1,0,35,0
65,0.5,1,0,88,0
73,6.0,1,0,126,0
51,0.6,1,0,62,0
141,0.7,1,0,126,0
10,14.6,1,0,35,0
0,114.4,1,0,126,1
81,29.4,1,0,41,0
0,32.7,1,0,5,1
193,47.9,1,0,55,0
45,78.3,1,0,97,0
29,27.2,1,0,126,0
113,6.4,1,0,73,0
81,8.6,1,0,61,0
144,11.0,1,0,126,0
19,47.0,1,1,110,0
272,64.0,1,0,35,0
5,64.7,1,0,51,1
258,73.9,1,0,45,0
226,6.5,1,0,88,0
21,41.0,1,0,55,0
172,21.6,2,0,55,0
109,109.0,3,0,55,0
240,0.1,1,0,35,0
61,43.9,1,5,131,0
76,2.9,1,0,68,0
169,0.2,1,0,55,0
34,0.2,1,0,126,0
80,4.2,1,0,29,0
14,82.7,1,0,126,0
113,10.9,1,0,88,0
89,0.8,1,0,55,0
66,253.0,2,0,97,0
65,1.3,1,0,41,0
12,6.9,1,0,55,0
200,0.2,1,0,30,0
235,0.3,1,0,55,0
288,0.3,1,0,126,0
123,1.7,1,0,35,0
4,2.7,1,0,89,0
174,0.2,1,0,126,0
104,73.9,1,0,126,0
19,0.1,1,0,19,0
5,0.8,1,0,89,0
284,1.3,1,0,35,0
0,33.9,1,0,126,1
109,30.0,4,0,126,0
47,45.0,1,1,35,0
235,127.4,2,0,97,0
154,0.2,1,0,96,0
195,20.7,2,0,97,0
18,84.1,1,0,88,0
259,0.3,1,0,55,0
224,0.5,1,0,96,0
86,1.1,1,0,97,0
61,63.5,1,0,126,0
267,6.6,1,0,55,0
276,491.8,3,0,126,0
146,2.3,1,0,55,0
28,14.1,1,0,121,0
135,15.1,1,0,28,0
143,11.9,1,0,88,0
145,2.4,1,0,126,0
81,17.8,1,0,128,0
11,53.6,2,0,55,1
7,28.3,1,0,0,0
204,0.7,1,0,35,0
224,40.2,1,0,41,0
162,61.2,2,0,55,0
50,0.2,1,0,131,0
54,0.1,1,0,29,0
9,7.0,1,0,126,0
168,2.6,1,0,35,0
165,4.8,2,0,98,0
140,43.0,1,0,43,0
154,43.3,1,0,73,0
254,20.7,1,0,86,0
154,6.6,1,0,55,0
39,20.7,1,0,41,0
219,6.5,1,0,126,0
69,1.3,1,0,24,0
194,26.9,1,0,29,0
121,12.3,1,0,108,0
257,2.4,1,0,109,0
126,0.1,1,0,73,0
221,69.2,1,0,9,0
0,34.3,1,0,41,1
64,3.5,1,0,86,0
49,0.2,1,0,29,0
292,12.5,1,0,16,0
68,7.6,1,0,89,0
68,0.3,1,0,35,0
78,1.3,1,0,29,0
4,2.0,1,0,41,0
216,1.2,1,0,129,0
127,0.4,1,0,88,0
258,32.2,1,0,96,0
274,0.7,1,0,55,0
212,0.1,1,0,88,0
187,11.8,1,0,41,0
169,9.6,1,0,8,0
169,5.9,1,0,55,0
60,5.2,1,0,55,0
65,215.3,3,4,55,0
219,0.7,1,0,97,0
47,108.8,1,4,41,0
1,180.8,1,0,126,1
125,0.7,1,0,55,0
68,26.3,1,0,88,0
280,0.3,1,0,91,0
65,24.3,1,0,35,0
135,39.3,1,0,126,0
131,150.3,3,0,124,0
53,36.6,3,0,101,0
64,1.3,1,0,35,0
41,3.8,1,0,36,0
188,6.6,1,0,5,0
1,146.6,2,0,16,1
7,201.9,2,0,55,1
47,0.4,1,0,55,0
63,3.8,1,0,88,0
110,37.1,1,0,62,0
121,1.9,1,0,55,0
280,0.4,1,0,109,0
140,0.3,1,0,35,0
278,3.6,2,0,100,0
13,2.0,1,0,35,0
18,1.6,1,0,45,0
47,0.8,1,0,55,0
0,267.5,1,0,105,1
7,48.8,1,0,96,1
40,2.9,1,0,35,0
1,88.5,1,0,55,1
72,3.5,1,0,113,0
89,12.6,1,0,88,0
173,4.2,1,0,29,0
62,4.0,1,0,19,0
1,56.0,2,0,10,1
11,1.4,1,0,29,0
284,27.2,1,0,88,0
30,47.5,1,0,73,0
154,0.6,1,0,67,0
157,2.0,1,0,32,0
8,0.1,1,0,88,0
150,6.5,1,0,47,0
59,2.0,2,0,41,0
231,30.0,1,0,69,0
121,161.2,1,0,131,0
289,6.5,1,0,55,0
209,30.9,1,0,41,0
86,0.5,1,0,35,0
264,1.1,1,0,55,0
44,0.1,1,0,105,0
244,48.5,1,0,35,0
258,0.1,1,0,55,0
6,31.4,1,0,29,1
268,62.5,1,0,126,0
260,0.5,1,0,16,0
31,0.5,1,0,55,0
4,38.2,1,0,119,1
63,0.1,1,0,35,0
20,323.4,2,0,41,0
160,3.2,1,0,65,0
55,0.1,1,0,55,0
290,59.8,1,0,111,0
121,131.7,1,0,97,0
40,0.4,1,0,55,0
282,0.1,1,0,55,0
106,5.2,1,0,55,0
107,63.0,1,0,55,0
61,0.1,1,0,93,0
221,14.6,3,0,35,0
224,0.1,1,0,101,0
119,0.2,1,0,47,0
80,9.2,1,0,96,0
128,17.1,1,0,55,0
115,9.7,1,0,12,0
43,6.2,1,0,35,0
190,0.8,1,0,55,0
157,0.4,1,0,41,0
291,3.4,1,0,24,0
155,16.6,1,0,55,0
162,0.1,1,0,16,0
192,78.9,1,0,43,0
167,6.4,1,0,55,0
155,41.1,1,0,126,0
66,10.9,1,3,131,0
167,9.4,1,0,29,0
219,5.1,1,0,55,0
96,0.1,1,0,55,0
189,79.5,2,0,36,0
146,7.6,1,0,35,0
290,0.2,1,0,89,0
170,31.2,1,0,126,0
286,20.7,1,0,55,0
69,14.1,1,0,55,0
138,0.6,1,0,126,0
138,0.1,1,0,5,0
52,0.2,1,0,52,0
265,11.1,1,0,5,0
36,1.7,1,0,36,0
56,32.2,1,0,41,0
0,1.2,1,0,41,1
87,9.8,1,2,55,0
255,20.1,1,0,126,0
161,17.0,1,0,91,0
181,1.2,1,0,35,0
180,15.9,2,0,55,0
284,0.1,1,0,89,0
269,8.7,2,0,55,0
291,2.4,1,0,40,0
0,111.1,1,0,3,1
7,0.4,1,0,55,0
188,0.5,1,0,73,0
39,25.9,1,0,86,0
34,20.9,1,1,62,0
272,4.9,2,0,62,0
217,0.8,1,0,121,0
202,43.3,1,0,58,0
151,4.2,1,0,52,0
22,0.6,1,0,85,0
183,1.2,1,0,35,0
265,10.9,1,0,109,0
114,36.2,1,0,100,0
283,11.1,3,0,55,0
232,94.3,3,0,35,0
59,12.1,2,0,128,0
14,15.0,2,0,55,0
32,66.6,1,0,30,0
29,2.5,1,0,41,0
1,43.6,1,2,126,0
65,0.2,1,0,55,0
58,3.7,1,0,62,0
0,7.3,1,0,62,1
117,20.8,1,0,126,0
13,23.9,1,0,88,0
238,42.2,1,0,35,0
42,5.6,1,0,43,0
250,26.7,1,0,120,0
17,0.4,1,0,41,0
106,25.0,1,0,55,0
1,303.3,1,7,126,1
14,144.0,1,0,19,1
220,43.7,1,0,79,0
268,7.5,1,0,0,0
7,1.7,2,0,41,0
155,0.1,1,0,111,0
243,1.2,1,0,47,0
2,3.4,1,0,55,0
236,1.3,1,0,92,0
190,41.7,1,0,126,0
120,3.1,1,0,55,0
7,68.7,1,0,96,1
114,0.9,1,0,85,0
0,10.1,1,0,47,1
130,0.5,1,0,19,0
214,9.6,1,0,40,0
65,1.2,1,0,108,0
272,0.9,1,0,109,0
249,0.5,1,0,35,0
0,72.0,1,0,126,1
53,30.7,1,1,55,0
276,2.7,1,0,121,0
17,0.3,1,0,55,0
111,37.2,2,0,55,0
78,137.6,2,5,55,0
81,37.6,1,5,131,0
260,0.2,1,0,55,0
6,121.1,1,4,9,1
103,0.3,1,0,126,0
6,71.4,1,0,41,1
179,43.6,1,0,35,0
131,1.9,1,0,35,0
155,21.8,1,0,79,0
94,178.2,3,5,108,0
290,12.2,1,0,51,0
246,6.8,1,0,108,0
93,4.3,1,0,97,0
6,0.1,1,0,55,0
0,9.2,1,0,19,1
70,2.3,1,0,111,0
20,0.1,1,1,101,0
71,15.7,1,0,110,0
4,7.3,1,0,91,0
217,11.5,2,0,123,0
83,2.8,1,0,108,0
2,0.1,1,0,126,0
292,0.6,1,0,61,0
18,166.5,3,0,41,0
78,1.3,1,0,19,0
222,38.6,1,0,58,0
198,16.2,1,0,53,0
171,20.0,2,0,55,0
0,60.9,1,0,20,1
150,13.5,1,0,73,0
284,1.6,1,0,55,0
270,36.7,1,0,126,0
273,6.6,1,0,126,0
16,0.1,1,0,55,0
25,28.2,1,0,41,0
35,11.3,2,0,55,0
242,2.2,1,0,32,0
65,1.8,1,0,41,0
290,86.5,2,0,55,0
279,4.0,1,0,54,0
83,1.0,1,0,55,0
231,78.2,1,0,43,0
198,21.6,1,0,126,0
198,86.2,1,3,0,0
98,1.5,2,0,120,0
1,17.9,1,0,57,1
264,29.3,1,0,55,0
7,38.3,1,0,126,1
50,20.4,1,0,126,0
8,7.2,1,0,126,0
65,73.1,2,5,35,0
147,0.1,1,0,126,0
4,0.5,1,0,55,0
96,0.1,1,0,64,0
37,31.9,1,1,101,0
64,0.1,1,0,35,0
113,41.5,1,0,110,0
176,0.3,1,0,126,0
70,0.2,1,0,62,0
38,31.4,1,0,111,0
0,67.2,1,0,126,1
277,81.9,2,0,97,0
134,14.2,1,0,85,0
66,115.4,1,10,35,0
150,1.5,1,0,22,0
283,42.4,1,0,126,0
65,117.0,2,0,126,0
98,37.9,1,2,126,0
90,15.8,1,0,40,0
284,6.8,2,0,55,0
58,3.0,1,0,40,0
81,8.0,1,0,126,0
36,0.3,1,0,126,0
142,51.7,1,0,133,0
8,1.4,1,0,88,0
9,40.6,2,0,19,1
259,9.3,1,0,62,0
115,1.4,1,1,104,0
2,53.8,1,0,126,1
255,1.6,2,0,7,0
18,0.1,1,0,126,0
66,32.0,2,0,35,0
6,3.6,1,0,36,0
220,0.4,1,0,61,0
75,3.3,1,0,73,0
55,0.9,1,0,62,0
7,0.1,1,0,55,0
23,12.9,1,0,16,0
160,1.8,1,0,88,0
289,19.4,1,0,55,0
51,0.9,1,0,55,0
25,79.9,1,0,55,0
163,0.6,1,0,10,0
47,30.2,1,1,16,0
65,83.8,1,0,73,0
268,0.1,1,0,110,0
227,59.6,1,0,5,0
149,21.5,1,0,98,0
76,0.3,1,0,55,0
115,0.1,1,0,109,0
23,0.3,1,0,97,0
51,3.0,1,0,55,0
7,20.8,1,0,126,0
0,3.4,1,0,126,1
82,9.8,1,0,58,0
77,11.2,1,0,35,0
112,0.8,1,0,25,0
273,9.3,1,0,126,0
1,8.9,1,0,55,1
35,9.9,1,0,55,0
191,0.3,2,0,55,0
196,1.1,1,0,97,0
219,14.9,1,0,92,0
232,53.8,1,0,9,0
52,19.6,1,1,29,0
37,3.0,1,0,56,0
270,11.6,1,0,90,0
90,6.6,1,0,97,0
76,2.8,1,0,88,0
159,17.5,1,0,126,0
101,0.5,1,0,94,0
154,3.0,2,0,126,0
1,152.7,2,0,41,1
22,0.1,1,0,55,0
171,11.5,1,0,128,0
1,38.7,2,0,88,1
53,1.7,1,0,35,0
76,3.4,1,0,55,0
29,99.9,1,2,35,0
238,147.1,2,0,88,0
174,62.4,1,0,126,0
240,19.1,1,0,126,0
124,22.6,2,1,55,0
248,29.4,1,0,32,0
1,125.7,1,0,98,1
125,2.0,1,0,5,0
76,1.4,1,0,36,0
289,68.8,1,0,92,0
86,23.3,1,0,88,0
27,0.7,1,0,97,0
115,0.3,1,0,55,0
194,0.8,1,0,89,0
65,41.4,1,0,43,0
140,257.7,5,0,7,0
10,1.6,1,0,19,0
3,4.4,1,0,22,0
139,1.9,1,0,108,0
124,0.1,1,0,88,0
161,45.4,2,0,41,0
92,0.1,1,0,108,0
20,15.9,3,0,51,0
112,39.9,1,0,129,0
0,85.4,1,0,126,1
210,26.5,1,0,131,0
216,3.0,1,0,19,0
25,0.5,1,0,126,0
11,1.6,1,0,55,0
71,42.9,1,0,126,0
268,18.7,1,0,126,0
4,65.4,1,0,41,1
0,1.2,1,0,41,1
103,0.1,1,0,55,0
259,10.5,1,0,9,0
64,3.4,1,0,55,0
13,0.4,1,0,88,0
68,0.2,1,0,35,0
165,1.9,1,0,41,0
164,41.5,1,0,35,0
213,0.8,1,0,55,0
76,6.3,1,0,126,0
102,0.3,1,0,55,0
290,1.2,1,0,16,0
11,0.1,1,0,55,0
66,76.7,1,4,35,0
5,1.3,1,0,4,0
140,13.8,1,0,35,0
258,0.2,1,0,52,0
128,74.0,2,0,106,0
15,3.4,2,0,36,0
24,42.9,1,2,55,0
119,77.6,2,0,126,0
62,16.8,2,0,126,0
0,41.2,1,4,126,1
170,0.1,1,0,35,0
6,132.4,3,0,4,1
179,45.0,1,0,55,0
140,12.2,1,0,96,0
41,1.1,1,0,53,0
244,11.0,1,0,126,0
131,0.3,1,0,96,0
66,3.9,1,0,35,0
1,70.3,1,1,5,1
88,37.2,2,0,97,0
275,72.3,1,0,55,0
65,28.7,1,0,88,0
80,3.3,1,0,55,0
5,30.3,1,0,52,0
101,15.5,1,0,19,0
45,0.5,1,0,35,0
223,42.3,2,0,62,0
0,43.2,1,0,29,1
193,0.1,1,0,55,0
207,0.8,1,0,32,0
277,8.7,1,0,55,0
183,1.2,1,0,55,0
287,0.1,1,0,55,0
184,6.1,1,0,41,0
3,10.4,1,0,55,0
68,0.1,1,0,35,0
251,0.7,1,0,55,0
245,8.9,2,0,73,0
142,2.5,1,0,55,0
117,3.5,1,0,29,0
124,2.0,1,0,41,0
0,13.9,1,0,126,1
2,40.4,1,2,101,0
0,0.1,1,0,97,1
2,33.8,3,0,10,1
225,10.9,1,0,28,0
285,120.6,2,0,35,0
157,1.0,1,0,36,0
193,1.2,1,0,105,0
96,1.1,1,0,126,0
260,3.2,2,0,126,0
276,2.8,1,0,73,0
238,57.2,1,0,21,0
0,17.8,1,0,126,1
98,0.3,1,0,125,0
245,0.7,1,0,47,0
225,2.4,1,0,126,0
35,0.7,1,0,41,0
41,17.7,2,0,88,0
32,10.6,1,0,55,0
228,1.3,1,0,35,0
147,2.0,2,0,35,0
129,29.2,1,0,7,0
127,60.3,1,0,62,0
192,6.6,1,0,5,0
232,7.8,1,0,88,0
273,8.5,1,0,41,0
250,2.5,1,0,32,0
126,0.7,1,0,45,0
93,6.3,1,1,25,0
111,0.3,1,0,97,0
193,0.5,1,0,52,0
124,0.2,1,0,126,0
205,1.5,1,0,126,0
227,20.4,1,0,41,0
4,0.6,1,0,41,0
50,4.9,1,0,85,0
116,1.3,1,0,40,0
259,1.2,1,0,126,0
101,3.8,1,0,71,0
251,0.3,1,0,108,0
195,6.2,2,0,0,0
244,2.2,1,0,76,0
164,10.4,1,0,16,0
0,30.9,1,0,126,1
223,0.2,1,0,55,0
139,0.9,1,0,35,0
159,6.5,1,0,35,0
93,0.7,1,0,55,0
123,1.5,1,0,9,0
222,5.3,1,0,25,0
269,1.3,1,0,126,0
117,54.1,1,0,35,0
266,63.7,2,0,29,0
131,1.2,1,0,43,0
278,1.9,1,0,55,0
28,36.6,1,3,126,0
87,0.6,1,0,126,0
291,30.7,1,0,86,0
37,1.8,1,0,35,0
124,0.3,1,0,9,0
58,0.3,1,0,25,0
205,12.4,1,0,36,0
23,3.4,1,1,45,0
183,30.6,1,0,126,0
100,33.1,1,0,55,0
283,8.6,1,0,55,0
1,52.0,1,0,89,1
259,1.3,1,0,126,0
222,0.5,1,0,55,0
269,28.4,2,0,19,0
18,6.3,1,0,85,0
51,3.2,1,0,85,0
200,74.0,1,0,58,0
141,43.3,2,0,55,0
140,34.6,1,0,35,0
7,32.1,1,0,40,0
1,93.3,1,0,0,1
1,15.7,1,0,126,1
48,23.6,1,0,41,0
222,101.8,1,0,126,0
14,15.0,1,0,129,0
0,14.6,1,0,126,1
219,65.5,1,0,126,0
230,0.1,1,0,12,0
0,210.5,1,2,89,1
64,20.9,1,0,35,0
239,16.6,1,0,55,0
125,0.1,1,0,129,0
247,3.6,1,0,49,0
193,0.2,1,0,98,0
169,25.3,1,0,126,0
237,2.1,2,0,16,0
45,10.8,1,0,53,0
72,15.9,1,0,97,0
131,3.3,1,0,55,0
189,0.2,1,0,7,0
185,15.8,1,0,121,0
139,51.5,1,0,126,0
242,7.2,1,0,35,0
181,0.1,1,0,19,0
65,19.2,1,0,126,0
108,0.2,1,0,55,0
1,30.6,2,0,126,1
124,74.8,1,0,126,0
9,17.6,2,0,126,0
251,0.9,1,0,12,0
219,5.2,1,0,55,0
288,0.3,1,0,55,0
20,19.7,1,0,40,0
0,6.7,1,0,126,1
140,0.8,1,0,35,0
159,63.7,1,0,35,0
157,25.6,1,0,9,0
289,11.5,1,0,41,0
139,1.2,1,0,73,0
65,87.5,1,0,47,0
17,0.5,1,0,36,0
172,0.1,1,0,41,0
147,6.6,1,0,41,0
203,0.2,1,0,55,0
14,4.3,1,0,96,0
26,49.9,1,0,55,0
14,0.9,1,0,9,0
203,39.5,1,0,126,0
14,36.9,1,0,126,0
202,1.1,1,0,35,0
1,123.6,1,0,20,1
42,1.4,1,0,7,0
87,23.1,1,0,126,0
184,9.3,1,0,0,0
213,1.0,1,0,38,0
265,1.0,1,0,88,0
125,54.4,4,0,9,0
68,2.9,1,0,58,0
150,0.5,1,0,52,0
1,6.5,1,0,55,1
231,3.3,1,0,101,0
126,0.1,1,0,19,0
42,0.1,1,0,53,0
217,0.4,1,0,36,0
134,6.5,1,0,126,0
28,43.4,3,0,126,0
1,43.8,2,0,110,1
59,0.6,1,0,128,0
167,6.2,1,0,29,0
274,7.9,1,0,55,0
35,0.1,1,0,120,0
236,0.7,1,0,35,0
285,36.1,1,0,41,0
65,4.3,1,0,55,0
115,1.6,1,0,32,0
14,76.3,1,0,19,1
22,57.5,2,0,16,0
138,46.7,1,2,126,0
14,6.6,1,0,41,0
280,13.6,2,0,55,0
62,6.7,1,0,62,0
70,71.3,1,1,55,0
10,14.8,1,0,88,0
67,48.0,1,0,133,0
136,91.4,1,0,55,0
161,17.3,1,0,126,0
43,0.3,1,0,121,0
36,0.6,1,0,35,0
60,14.8,1,0,62,0
239,1.1,1,0,65,0
214,57.4,2,0,36,0
95,262.2,2,0,55,0
103,5.5,1,0,126,0
35,42.6,1,4,126,0
292,61.7,1,0,74,0
62,0.4,1,0,108,0
187,31.7,1,0,62,0
65,1.3,1,0,29,0
145,0.1,1,0,68,0
176,79.0,1,0,88,0
31,5.9,1,0,20,0
63,1.0,1,0,126,0
263,1.4,1,0,41,0
3,5.6,1,0,41,0
266,26.8,1,0,55,0
8,23.5,1,0,88,0
56,8.5,1,0,73,0
0,60.2,1,1,126,1
16,26.9,1,0,25,0
66,0.2,1,0,35,0
8,0.8,1,0,126,0
12,1.2,1,0,16,0
126,1.1,1,0,59,0
11,0.5,1,0,129,0
19,37.4,1,0,41,0
0,0.2,1,0,55,1
61,42.5,1,1,73,0
147,41.8,1,0,85,0
15,65.3,2,0,85,0
155,39.2,2,0,88,0
250,29.4,1,0,55,0
135,31.1,1,0,131,0
7,0.1,1,0,35,0
6,0.4,1,0,126,0
25,0.6,1,0,126,0
35,0.1,1,0,55,0
214,1.5,1,0,55,0
169,46.3,1,0,88,0
53,0.6,1,0,55,0
67,8.8,1,0,68,0
7,6.6,1,0,55,0
83,118.9,1,2,106,0
113,20.5,1,0,25,0
142,58.6,3,0,126,0
151,3.8,1,0,55,0
57,41.1,1,0,126,0
249,24.6,1,0,35,0
107,19.6,2,0,19,0
64,0.7,1,0,131,0
66,9.4,1,0,35,0
71,0.6,1,0,52,0
140,47.0,1,0,126,0
66,69.6,1,0,35,0
154,34.2,4,0,88,0
242,0.1,1,0,55,0
74,2.6,1,0,32,0
66,69.0,2,7,126,0
73,45.6,1,0,97,0
101,0.6,1,0,92,0
204,0.6,1,0,55,0
102,3.7,2,0,55,0
203,12.0,1,0,126,0
150,12.5,2,0,5,0
219,3.6,1,0,55,0
132,0.5,1,0,121,0
5,11.2,2,0,19,0
284,19.4,1,0,55,0
219,1.5,1,0,95,0
237,0.4,1,0,9,0
0,41.0,1,1,126,1
0,103.4,1,0,55,1
276,0.8,1,0,88,0
290,10.7,1,0,120,0
65,3.0,1,0,88,0
10,1.4,1,0,97,0
78,55.9,2,0,126,0
14,0.4,1,0,41,0
238,3.4,1,0,40,0
1,24.2,1,2,119,0
70,6.4,1,0,120,0
77,0.7,1,0,104,0
239,13.5,1,0,60,0
132,28.3,1,0,19,0
188,6.5,1,0,85,0
251,47.0,1,0,111,0
281,2.9,1,0,54,0
225,13.1,2,0,126,0
95,1.0,1,0,55,0
0,91.2,1,0,126,1
259,2.6,1,0,8,0
121,0.7,1,0,41,0
38,0.2,2,0,88,0
278,0.2,1,0,55,0
113,0.8,1,0,111,0
36,8.5,1,0,55,0
65,348.2,2,10,73,0
289,0.1,1,0,126,0
76,6.6,1,0,19,0
37,0.6,1,0,55,0
103,1.7,1,0,53,0
0,31.8,1,0,126,1
125,49.5,1,0,9,0
92,0.9,1,0,72,0
1,0.1,1,0,126,0
0,133.6,1,0,40,1
108,9.8,1,0,7,0
139,15.8,1,0,55,0
219,8.3,1,0,55,0
79,72.9,1,0,53,0
65,3.7,1,0,55,0
78,0.9,1,0,97,0
7,95.9,1,0,19,1
132,41.1,1,0,108,0
184,0.3,1,0,126,0
0,137.6,1,6,126,1
93,5.6,1,0,97,0
41,9.8,1,0,126,0
65,0.2,1,0,88,0
190,0.7,1,0,97,0
64,3.0,1,0,89,0
125,65.9,1,0,88,0
174,3.3,1,0,35,0
81,24.9,1,0,40,0
0,103.1,1,0,126,1
10,1.2,1,0,55,0
251,0.1,1,0,126,0
83,0.2,1,0,55,0
72,34.8,1,1,55,0
45,0.4,1,0,89,0
226,23.5,1,0,88,0
119,19.6,2,1,35,0
0,44.8,1,0,5,1
29,2.5,1,0,35,0
82,0.5,1,0,36,0
91,37.9,1,0,88,0
248,0.6,2,0,60,0
169,1.2,1,0,41,0
81,0.4,1,0,98,0
6,5.3,1,0,16,0
65,24.1,1,0,88,0
227,2.5,1,0,55,0
14,0.1,1,0,55,0
191,2.8,1,0,126,0
19,69.8,1,0,128,0
129,985.6,9,9,55,1
250,4.1,2,0,52,0
138,2.7,1,0,55,0
56,43.7,1,1,36,0
0,8.2,1,0,126,1
68,19.2,1,0,121,0
104,2.8,1,0,62,0
70,75.3,2,0,3,0
31,29.1,1,0,88,0
13,112.3,1,2,25,1
276,1.7,1,0,47,0
18,159.2,2,0,68,1
69,1.2,1,0,16,0
104,0.9,1,1,116,0
218,0.4,1,0,19,0
133,21.9,1,0,85,0
118,10.6,1,0,55,0
59,197.2,3,5,131,0
216,1.2,1,0,67,0
66,0.7,1,0,55,0
74,3.3,2,0,52,0
239,10.3,1,0,126,0
65,44.7,1,0,73,0
0,52.5,1,0,101,1
12,0.1,1,0,9,0
35,0.3,1,0,36,0
72,37.2,1,0,59,0
67,1.5,1,0,131,0
0,0.9,1,0,35,1
92,0.1,1,0,32,0
161,7.4,1,0,41,0
168,43.1,2,0,86,0
24,16.7,1,0,43,0
179,0.5,1,0,19,0
128,25.6,1,0,41,0
47,4.0,1,0,126,0
41,59.2,1,0,88,0
71,1.4,1,0,55,0
239,56.2,2,0,29,0
132,84.3,1,0,108,0
10,0.3,1,0,80,0
277,3.2,1,0,55,0
228,0.2,1,0,7,0
240,3.6,1,0,29,0
3,1.2,1,0,108,0
18,328.2,3,6,14,0
49,2.0,1,0,36,0
2,0.4,1,0,120,0
26,0.1,1,0,55,0
102,0.5,1,0,55,0
202,11.7,1,0,126,0
230,13.5,1,0,25,0
169,1.0,1,0,55,0
285,2.1,1,0,120,0
2,0.2,1,0,73,0
6,18.9,1,0,41,1
290,38.2,1,0,73,0
0,59.3,1,0,70,1
109,34.5,1,0,35,0
140,10.9,1,0,120,0
37,1.4,1,0,126,0
275,3.3,1,0,55,0
171,3.9,1,0,55,0
203,11.9,1,0,45,0
76,0.7,1,0,83,0
28,1.3,1,0,55,0
66,131.2,2,1,29,0
230,4.1,1,0,88,0
1,122.9,1,0,111,1
276,5.6,1,0,126,0
64,31.3,1,0,97,0
67,39.1,1,2,29,0
146,0.2,1,0,88,0
37,0.2,1,0,55,0
56,0.8,1,0,0,0
193,2.2,1,0,35,0
257,42.5,1,0,96,0
146,3.9,1,0,126,0
3,0.7,1,0,126,0
5,99.3,1,0,126,1
215,0.5,1,0,19,0
146,1.7,1,0,128,0
128,177.9,3,0,108,0
236,2235.3,11,25,108,0
240,0.4,1,0,121,0
189,1.2,2,0,129,0
195,23.0,1,0,126,0
71,1.1,1,0,12,0
36,0.2,1,0,55,0
51,17.8,1,0,81,0
116,0.5,1,0,35,0
291,149.5,1,0,108,0
18,41.0,1,3,88,0
61,0.4,1,0,55,0
41,7.9,1,0,104,0
108,54.6,1,1,122,0
95,0.2,1,0,88,0
0,30.3,1,0,126,1
148,14.0,4,0,55,0
290,2.1,1,0,126,0
6,41.9,1,0,67,0
66,10.6,1,0,3,0
166,47.0,1,0,73,0
171,13.8,1,0,55,0
230,1.2,1,0,19,0
242,10.9,1,0,55,0
255,12.0,1,0,96,0
291,0.3,1,0,108,0
30,10.3,1,0,55,0
103,1.9,1,0,55,0
171,2.8,1,0,24,0
76,31.1,1,1,35,0
124,1.2,1,0,35,0
130,6.6,1,0,55,0
261,1.0,1,0,45,0
220,47.5,1,0,126,0
70,6.5,1,0,35,0
226,33.4,1,0,12,0
40,106.4,1,0,52,0
259,5.3,1,0,108,0
218,0.7,1,0,98,0
203,42.2,4,0,38,0
253,18.7,1,0,110,0
15,3.8,1,0,133,0
88,61.4,1,1,55,0
192,0.1,1,0,126,0
224,0.4,1,0,90,0
227,0.2,1,0,60,0
74,70.5,3,3,108,0
1,64.0,1,6,62,1
235,0.3,1,0,55,0
269,0.2,1,0,55,0
0,50.6,1,0,126,0
23,1.9,1,0,123,0
66,14.1,1,0,35,0
235,24.4,1,0,129,0
259,5.1,1,0,16,0
148,0.4,1,0,126,0
52,4.9,1,0,88,0
10,0.6,1,0,55,0
129,12.7,2,0,126,0
202,6.5,1,0,101,0
102,0.6,1,0,88,0
197,10.6,1,0,101,0
209,0.2,1,0,29,0
63,0.1,1,0,106,0
23,0.1,1,0,55,0
194,30.1,1,0,131,0
2,2.8,1,5,41,0
141,39.6,1,0,126,0
65,0.2,1,0,133,0
28,4.1,1,0,21,0
278,31.7,1,0,7,0
211,41.6,2,0,89,0
7,162.2,1,0,47,1
240,6.6,1,0,40,0
137,1.1,1,0,91,0
245,38.3,1,0,111,0
167,1.4,1,0,131,0
118,9.6,1,0,55,0
10,150.1,1,0,5,0
42,45.1,2,3,29,0
0,48.9,1,1,69,1
195,0.4,1,0,126,0
196,25.5,1,0,41,0
232,18.9,1,0,36,0
169,9.7,1,0,126,0
190,7.6,1,0,37,0
282,0.1,1,0,55,0
66,77.2,1,0,97,0
67,110.0,2,1,126,0
132,229.6,2,1,73,0
141,6.6,1,0,52,0
27,6.2,1,0,129,0
28,10.5,1,0,55,0
291,34.3,1,0,88,0
159,83.9,2,0,35,0
159,1.5,2,0,88,0
63,21.9,2,5,35,0
215,1.0,1,0,40,0
260,28.1,1,0,88,0
22,14.9,2,2,55,0
179,0.2,1,0,40,0
167,128.3,2,0,126,0
26,0.9,1,0,55,0
36,23.2,1,0,5,0
292,18.9,1,0,88,0
49,340.5,1,4,126,0
225,0.4,1,0,86,0
2,0.4,1,0,29,0
226,15.0,1,0,76,0
21,49.9,1,3,16,0
3,15.1,1,0,121,0
96,2.4,1,0,55,0
256,39.4,1,0,126,0
14,2.8,1,0,19,0
230,2.4,1,0,35,0
74,0.4,1,0,55,0
91,1.1,1,0,29,0
129,0.3,1,0,52,0
148,0.2,1,0,55,0
236,34.6,1,0,55,0
99,0.2,1,0,35,0
20,0.1,1,0,126,0
66,346.4,1,4,35,0
292,1.9,1,0,35,0
110,1.3,1,0,97,0
161,19.7,3,0,63,0
211,14.5,1,0,29,0
11,0.8,1,0,55,0
277,1.5,1,0,88,0
8,11.6,1,0,29,0
40,42.1,2,2,41,0
164,0.2,1,0,103,0
19,0.1,1,0,19,0
45,4.2,1,0,35,0
76,28.5,1,0,36,0
170,1.0,1,0,35,0
287,39.3,2,0,41,0
187,23.9,2,0,0,0
0,79.4,1,2,108,1
279,60.2,1,0,86,0
37,10.5,1,0,56,0
245,0.3,1,0,19,0
237,12.1,1,0,67,0
190,4.0,1,0,126,0
177,2.3,1,0,5,0
89,1.2,2,0,126,0
59,46.5,1,0,126,0
182,56.9,1,0,92,0
218,1.1,1,0,19,0
120,6.9,2,0,108,0
2,68.0,1,0,35,1
249,3.9,1,0,97,0
268,705.5,4,0,96,0
188,13.1,1,0,55,0
1,7.3,1,0,12,1
63,3.8,1,0,126,0
103,2.1,1,0,126,0
67,0.1,1,0,25,0
66,0.2,1,0,55,0
1,45.1,1,0,97,1
210,1.5,1,0,16,0
243,6.8,1,0,63,0
202,0.2,1,0,55,0
252,33.4,1,0,126,0
286,22.5,1,0,126,0
9,85.4,1,0,126,1
140,0.4,1,0,35,0
289,75.2,1,0,0,0
13,7.6,1,0,20,0
2,57.0,2,0,41,1
75,47.3,1,3,88,0
178,0.1,1,0,41,0
218,1.4,1,0,129,0
34,0.3,1,0,12,0
107,333.5,3,13,64,0
165,2.8,1,0,131,0
196,6.6,1,0,55,0
9,0.2,1,0,121,0
65,47.9,1,0,55,0
178,0.8,1,0,129,0
275,46.9,1,0,55,0
37,1.9,1,0,19,0
32,9.1,1,0,111,0
0,31.3,1,0,126,1
56,1.5,1,0,7,0
219,0.2,1,0,10,0
243,18.0,1,0,35,0
139,0.6,1,0,126,0
15,14.2,1,0,55,0
68,18.6,1,0,29,0
20,1.0,1,0,55,0
176,0.8,1,0,35,0
2,10.5,1,0,41,1
13,0.5,1,0,89,0
0,49.4,1,0,126,0
23,74.3,1,1,55,0
64,3.0,3,0,35,0
1,44.9,2,0,4,1
24,0.2,1,0,55,0
3,180.6,3,0,12,1
27,1.0,1,0,55,0
66,258.8,2,9,67,0
201,0.9,1,0,47,0
239,19.3,1,0,55,0
161,0.1,1,0,126,0
117,10.2,1,0,41,0
165,24.4,1,0,35,0
128,65.8,1,0,29,0
168,20.6,1,0,126,0
193,58.9,1,0,108,0
84,48.1,1,1,73,0
208,5.5,1,0,43,0
138,44.9,1,0,35,0
12,0.9,1,0,55,0
134,0.2,1,0,55,0
60,20.0,1,0,126,0
22,1.4,1,0,10,0
211,34.4,1,0,126,0
44,16.7,1,0,19,0
221,26.4,1,0,55,0
103,6.2,1,0,127,0
20,12.0,1,0,28,0
285,99.0,1,0,55,0
0,13.8,1,0,16,1
31,0.2,1,0,88,0
226,1.9,1,0,55,0
292,0.1,1,0,111,0
255,50.0,1,0,126,0
78,0.3,1,0,29,0
85,3.6,1,0,56,0
270,9.5,1,0,108,0
96,7.5,1,0,113,0
188,0.7,1,0,95,0
238,10.1,1,0,62,0
170,0.5,1,0,25,0
134,111.6,2,1,35,0
285,3.9,1,0,88,0
85,1.1,1,0,126,0
200,0.6,1,0,69,0
122,4.0,1,0,86,0
183,12.9,1,0,55,0
205,56.6,1,0,126,0
206,6.0,2,0,126,0
239,1.9,1,0,126,0
71,0.1,1,0,55,0
8,24.3,1,1,35,0
59,10.8,1,0,92,0
74,347.1,1,7,88,0
42,26.3,1,0,53,0
56,2.1,1,0,55,0
73,0.6,1,0,35,0
257,0.6,1,0,55,0
78,0.4,1,0,101,0
247,296.9,3,0,114,0
193,2.8,2,0,55,0
132,0.3,1,0,58,0
230,6.8,1,0,41,0
19,13.2,1,0,58,0
228,9.8,1,0,97,0
10,0.3,1,0,55,0
228,6.5,1,0,121,0
159,4.9,1,0,31,0
267,56.3,1,0,55,0
82,7.0,1,0,126,0
232,1.6,1,0,55,0
128,8.2,1,0,5,0
18,1.3,1,0,126,0
175,0.9,1,0,126,0
55,1.5,1,0,55,0
215,10.1,1,0,126,0
47,56.1,1,0,88,0
284,115.3,2,0,41,0
152,0.6,1,0,52,0
146,309.6,3,0,126,0
101,0.3,1,0,108,0
17,31.0,1,0,35,0
2,35.1,2,0,111,1
234,34.9,1,0,43,0
89,47.1,1,0,55,0
76,0.1,1,0,19,0
189,2.2,1,0,111,0
85,15.7,2,0,97,0
38,0.5,1,0,24,0
106,33.1,1,0,41,0
66,17.0,1,0,86,0
29,28.3,1,0,41,0
66,120.7,1,4,88,0
66,42.6,1,0,55,0
3,20.6,1,0,89,0
202,0.2,1,0,45,0
222,6.6,1,0,52,0
42,2.7,1,0,108,0
74,96.4,1,0,19,0
28,0.1,1,0,55,0
66,86.6,2,2,41,0
2,10.0,1,0,131,0
118,17.2,1,0,126,0
66,0.3,1,0,9,0
2,32.7,1,0,126,1
68,105.0,1,0,82,0
192,37.8,1,0,29,0
1,85.7,1,0,19,1
72,86.4,1,3,62,0
193,18.8,1,0,126,0
101,75.9,1,0,126,0
169,0.2,1,0,131,0
55,13.8,1,0,125,0
26,10.5,1,0,55,0
66,0.3,1,0,29,0
54,0.6,1,0,35,0
78,45.4,1,4,126,0
243,20.5,1,0,126,0
66,46.6,1,1,12,0
206,104.7,1,0,20,0
249,2.1,1,0,55,0
49,15.1,1,0,101,0
239,2.2,1,0,41,0
242,0.4,1,0,120,0
2,32.8,1,0,101,1
162,1.0,1,0,64,0
122,230.5,3,0,5,0
170,43.3,1,0,55,0
267,0.8,1,0,108,0
86,0.7,1,0,97,0
187,20.5,1,0,126,0
115,13.7,1,0,55,0
143,1.2,1,0,129,0
128,5.7,1,0,55,0
168,2.2,1,0,126,0
70,0.1,1,0,88,0
58,0.5,1,0,55,0
161,0.4,1,0,101,0
0,297.7,1,11,19,1
229,28.9,1,0,35,0
79,66.0,2,0,41,0
16,17.5,2,0,55,0
180,31.2,1,0,35,0
7,18.1,1,0,19,0
100,2.6,1,0,55,0
282,64.6,1,0,126,0
65,0.4,1,0,129,0
122,98.2,1,1,121,0
220,43.6,1,0,88,0
199,18.5,1,0,16,0
119,0.7,1,0,126,0
74,0.4,1,0,35,0
74,13.5,1,0,23,0
269,79.2,1,0,88,0
100,6.6,1,0,78,0
10,5.9,1,0,19,0
10,6.7,2,0,126,0
141,75.2,4,1,55,0
93,0.2,1,0,35,0
271,24.0,1,0,126,0
98,42.7,1,0,55,0
78,152.3,2,9,122,0
66,0.1,1,0,55,0
1,13.8,1,0,55,1
76,62.9,1,0,12,0
15,6.2,1,0,40,0
57,1.6,1,0,126,0
0,122.0,1,0,62,1
149,50.1,2,0,19,0
278,0.1,1,0,9,0
281,1.3,1,0,43,0
245,22.9,2,0,97,0
27,0.2,1,0,97,0
180,0.6,1,0,19,0
275,1.2,1,0,35,0
240,18.7,1,0,25,0
37,2.7,1,0,32,0
224,23.1,1,0,19,0
32,1.1,1,0,35,0
167,3.2,1,0,98,0
0,58.9,1,0,126,0
212,33.3,1,0,89,0
8,45.1,1,1,131,0
65,27.5,1,0,16,0
234,2.6,1,0,35,0
10,6.2,1,0,88,0
207,1.0,1,0,121,0
260,56.7,1,0,22,0
1,105.2,1,0,131,1
275,44.4,1,0,103,0
76,0.9,1,0,55,0
199,35.5,2,0,16,0
264,0.4,1,0,129,0
56,26.6,1,0,53,0
140,0.1,1,0,55,0
35,19.8,1,0,29,0
0,6.2,1,0,41,0
272,66.1,3,2,55,0
204,47.9,1,0,55,0
119,0.1,1,0,55,0
151,187.5,5,0,97,0
36,1.3,1,0,62,0
47,2.4,1,0,88,0
244,10.9,1,0,126,0
1,64.2,1,0,19,1
26,0.1,1,0,40,0
125,1.4,1,0,126,0
44,2.4,1,0,55,0
223,0.2,1,0,86,0
262,5.3,1,0,19,0
151,16.0,1,0,41,0
0,24.6,1,0,47,1
0,117.4,1,0,41,1
74,1.7,1,0,55,0
202,0.2,1,0,101,0
70,43.9,1,0,122,0
112,37.2,1,0,62,0
0,182.8,1,0,89,1
176,28.2,1,0,47,0
3,18.8,1,0,29,1
237,7.6,1,0,35,0
150,0.1,1,0,35,0
66,30.6,1,0,126,0
75,52.7,1,0,40,0
217,4.2,1,0,33,0
31,0.1,1,0,55,0
290,1.8,1,0,108,0
73,53.1,2,0,108,0
66,0.7,1,0,41,0
243,39.6,1,0,55,0
75,0.2,1,0,131,0
126,42.2,1,0,120,0
31,1.7,2,0,35,0
229,14.5,1,0,69,0
20,43.1,1,0,73,0
1,38.9,1,0,29,1
153,0.3,1,0,97,0
78,0.2,1,0,97,0
47,0.9,1,2,32,0
77,0.1,1,0,41,0
3,121.6,1,0,45,1
4,0.4,1,0,41,0
231,21.1,1,0,88,0
187,0.7,1,0,35,0
45,0.8,1,0,108,0
259,2.1,1,0,62,0
190,18.4,1,0,19,0
79,0.2,1,0,25,0
248,4.4,1,0,55,0
51,6.6,1,0,119,0
240,13.9,1,0,55,0
66,11.1,1,0,43,0
128,41.4,1,0,96,0
21,6.6,1,0,96,0
106,6.7,1,0,126,0
209,59.5,1,0,55,0
283,1.9,1,0,56,0
4,6.2,1,0,19,0
74,1.1,1,0,53,0
66,13.6,1,0,0,0
75,0.4,1,0,25,0
290,10.2,1,0,55,0
230,10.4,1,0,88,0
80,51.7,2,0,0,0
279,0.2,1,0,73,0
276,15.5,1,0,16,0
34,0.9,2,0,89,0
181,39.5,2,0,97,0
0,37.3,1,0,108,1
285,30.5,1,0,19,0
124,2.8,1,0,55,0
28,25.2,1,0,85,0
222,4.9,1,0,55,0
88,6.1,1,0,41,0
13,0.4,1,0,97,0
1,1.4,1,0,103,0
225,2.2,1,0,92,0
34,2.6,2,0,111,0
218,0.9,2,0,121,0
107,7.0,1,0,55,0
88,16.0,1,0,55,0
141,0.7,1,0,73,0
84,4.9,1,0,126,0
214,3.7,1,0,41,0
213,6.6,1,0,29,0
136,9.2,1,0,29,0
172,2.2,1,0,55,0
176,0.6,1,0,108,0
150,0.7,1,0,41,0
282,11.6,2,0,55,0
125,2.1,1,0,120,0
68,9.5,1,0,126,0
0,6.2,1,0,126,1
1,29.3,1,0,126,1
173,18.8,1,0,88,0
181,2.3,1,0,110,0
82,8.7,1,0,97,0
167,23.5,1,0,5,0
19,0.1,1,0,19,0
245,11.0,1,0,29,0
244,34.7,2,0,126,0
135,7.4,1,0,9,0
167,1.2,1,0,35,0
145,0.9,1,0,0,0
77,0.7,1,0,55,0
37,1.1,1,0,126,0
2,9.6,1,0,16,1
22,14.8,1,2,55,0
116,10.4,1,0,131,0
63,10.1,1,0,73,0
20,1.2,1,0,29,0
72,12.0,1,0,55,0
208,1.6,1,0,126,0
209,27.6,2,0,35,0
140,46.5,1,0,56,0
86,1.3,2,1,24,0
65,408.8,2,1,126,0
180,0.5,1,0,35,0
166,0.7,1,0,41,0
106,3.2,2,0,55,0
135,2.1,1,0,129,0
151,6.4,1,0,35,0
164,56.5,2,0,55,0
248,6.0,1,0,32,0
37,11.3,1,0,4,0
224,7.2,2,0,111,0
123,17.7,1,1,97,0
5,1.4,1,0,35,0
79,9.7,2,0,55,0
257,64.1,1,0,88,0
259,1.4,1,0,5,0
82,48.1,1,1,55,0
27,0.1,1,0,57,0
66,519.6,4,16,35,0
52,70.6,2,2,109,0
127,0.3,1,0,35,0
64,93.2,1,2,89,0
41,0.7,1,0,73,0
14,0.1,1,0,104,0
4,1.1,1,0,41,0
6,32.5,1,0,104,0
205,2.0,1,0,86,0
50,0.1,1,0,36,0
104,1.3,1,0,129,0
9,3.9,1,0,35,0
101,17.4,1,0,88,0
51,13.4,1,0,101,0
243,0.6,1,0,35,0
38,0.5,1,0,88,0
60,30.0,1,0,126,0
66,1.3,1,0,95,0
43,0.1,1,0,98,0
241,0.2,1,0,89,0
11,0.2,1,0,41,0
73,6.6,4,0,97,0
77,53.4,1,2,88,0
178,1.0,1,0,41,0
144,2.2,1,0,121,0
196,0.3,1,0,0,0
173,102.4,2,0,55,0
99,62.5,1,0,126,0
149,26.1,1,0,5,0
218,8.4,1,0,55,0
181,103.5,1,0,126,0
180,5.6,1,0,41,0
253,6.0,1,0,126,0
114,39.6,1,0,126,0
10,0.1,1,0,126,0
286,76.9,2,0,10,0
39,714.4,6,7,29,0
32,0.8,1,0,52,0
141,24.7,1,0,126,0
44,1.4,1,0,35,0
67,0.8,1,0,104,0
247,9.5,1,0,62,0
198,5.9,1,0,65,0
150,40.2,2,0,37,0
150,0.4,1,0,29,0
225,24.2,1,0,126,0
99,4.6,1,0,3,0
67,7.9,1,0,55,0
290,2.4,1,0,107,0
44,0.3,1,0,52,0
199,0.2,1,0,5,0
254,0.3,1,0,55,0
169,11.8,1,0,40,0
214,51.8,1,0,55,0
4,1.2,1,0,60,0
123,0.1,1,0,35,0
12,26.2,1,0,85,0
281,0.9,1,0,85,0
236,0.3,1,0,35,0
61,41.2,1,2,97,0
126,21.6,1,0,126,0
111,1.5,1,0,9,0
16,51.2,2,2,58,0
254,20.8,1,0,126,0
217,0.1,1,0,19,0
0,0.6,1,0,41,1
55,39.5,2,0,126,0
61,10.8,1,0,55,0
0,10.5,1,0,126,1
22,1.3,1,0,55,0
2,1.0,1,0,126,0
245,20.1,3,0,126,0
235,0.5,1,0,47,0
201,29.9,1,0,12,0
77,0.8,1,0,111,0
205,17.9,1,0,55,0
32,0.2,1,0,55,0
3,0.1,1,0,55,0
146,10.9,2,0,55,0
83,19.8,1,0,47,0
244,8.2,3,0,92,0
255,127.5,2,0,88,0
88,0.5,1,0,37,0
65,4.9,1,0,95,0
230,0.1,1,0,35,0
158,4.1,1,0,92,0
167,3.9,1,0,120,0
25,2.0,2,0,55,0
110,0.1,1,0,126,0
0,12.0,1,0,126,1
219,0.6,1,0,40,0
196,135.6,6,0,19,0
283,0.4,1,0,55,0
244,18.8,1,0,88,0
8,0.9,1,0,41,0
80,87.2,1,2,55,0
211,5.5,1,0,24,0
205,3.1,1,0,129,0
6,26.5,1,0,40,0
58,6.2,1,0,36,0
224,0.8,2,0,35,0
1,96.7,1,0,126,1
57,37.3,1,0,58,0
91,11.7,1,0,129,0
220,0.9,1,0,55,0
246,87.9,3,0,35,0
64,42.7,1,0,35,0
75,18.1,1,0,19,0
109,1.2,1,0,108,0
20,0.1,1,0,55,0
150,41.6,1,0,85,0
80,3.3,1,0,44,0
175,0.4,1,0,108,0
16,0.1,1,0,86,0
198,10.2,1,0,58,0
220,24.4,2,0,110,0
66,11.1,1,0,52,0
31,1.1,1,0,41,0
101,1.2,1,0,53,0
14,12.7,1,0,55,0
99,34.5,1,1,55,0
0,46.7,1,0,0,1
245,11.1,1,0,29,0
134,31.2,1,0,55,0
124,63.0,2,0,55,0
206,1.0,1,0,50,0
114,27.6,1,0,55,0
200,17.1,1,0,40,0
180,200.4,4,0,35,0
29,261.1,7,2,18,0
211,10.3,1,0,88,0
244,1.1,1,0,126,0
2,124.0,2,0,53,1
10,9.6,2,0,18,0
81,2.8,1,0,55,0
181,29.2,1,0,120,0
126,18.6,1,1,101,0
243,1.7,1,0,29,0
45,39.6,1,0,126,0
233,7.2,1,0,55,0
259,9.2,1,0,126,0
122,137.0,2,44,131,0
229,61.7,1,0,43,0
42,41.0,1,2,98,0
154,0.1,1,0,5,0
1,56.1,1,1,36,1
219,2.2,1,0,35,0
1,6.6,1,0,90,1
26,0.4,1,0,97,0
255,0.3,1,0,55,0
66,227.2,1,0,129,0
66,30.1,2,0,126,0
5,8.1,2,0,73,1
107,43.4,1,0,92,0
6,0.1,1,0,40,0
193,17.1,4,0,52,0
246,27.3,1,0,55,0
122,2.2,1,0,128,0
195,0.5,1,0,5,0
6,0.1,1,0,126,0
175,11.8,1,0,5,0
0,46.3,1,0,12,1
205,231.2,5,0,55,0
111,0.1,1,0,55,0
76,18.8,1,0,19,0
276,1.8,1,0,30,0
259,84.4,1,0,22,0
58,123.6,2,6,19,0
256,1.6,1,0,55,0
101,13.5,1,0,35,0
46,6.6,1,0,126,0
65,0.2,1,0,41,0
12,23.1,1,0,126,0
260,0.4,1,0,73,0
0,33.6,1,0,55,1
17,41.7,1,1,35,0
0,32.1,1,0,23,1
157,1.2,1,0,16,0
189,91.0,1,0,126,0
187,1.1,1,0,55,0
267,4.9,1,0,42,0
12,255.6,2,0,16,1
54,44.4,1,0,97,0
162,240.8,5,7,25,0
30,13.9,1,0,91,0
170,0.5,1,0,35,0
62,12.5,1,0,129,0
6,39.0,1,2,128,1
286,82.7,1,0,55,0
188,51.8,1,0,88,0
118,13.7,1,0,126,0
284,2.5,1,0,55,0
64,26.4,1,0,40,0
253,1.0,1,0,35,0
24,1.4,1,0,47,0
15,0.4,1,0,126,0
18,17.8,1,0,58,0
0,47.4,1,3,126,1
32,3.3,1,0,16,0
3,1.5,1,0,55,0
70,23.1,1,0,131,0
94,10.2,1,0,5,0
42,56.4,1,3,35,0
227,22.2,1,0,35,0
177,0.1,1,0,40,0
265,8.4,1,0,126,0
164,1.0,1,0,126,0
244,1.4,1,0,19,0
90,16.8,2,0,55,0
20,4.8,1,0,96,0
135,0.3,1,0,106,0
16,3.5,1,0,119,0
265,10.9,1,0,105,0
140,3.6,1,0,0,0
55,41.1,1,0,88,0
104,0.7,1,0,16,0
14,0.1,1,0,126,0
225,0.3,1,0,88,0
64,24.7,1,0,36,0
258,0.4,1,0,121,0
72,36.7,1,0,41,0
258,0.5,1,0,111,0
247,3.0,1,0,0,0
26,12.0,1,0,55,0
106,8.6,1,0,41,0
183,0.1,1,0,97,0
67,4.0,1,2,35,0
13,2.3,1,0,88,0
37,112.6,1,2,29,0
100,7.2,1,0,55,0
66,187.2,2,10,130,0
11,0.3,1,0,55,0
189,0.4,1,0,97,0
25,2.6,1,0,23,0
14,0.1,1,0,96,0
173,0.2,1,0,97,0
215,1.9,1,0,126,0
114,4.3,1,0,126,0
133,0.4,1,0,35,0
83,52.1,1,0,55,0
264,0.2,1,0,120,0
68,2.7,1,0,35,0
155,0.9,1,0,121,0
61,2.3,1,0,55,0
177,34.3,1,0,26,0
164,3.1,1,0,97,0
1,119.8,1,0,15,1
269,8.8,2,0,108,0
172,51.4,1,0,55,0
286,17.3,1,0,88,0
66,215.3,2,0,41,0
0,22.2,1,0,126,1
213,73.9,2,0,101,0
214,22.5,1,0,55,0
181,3.7,1,0,55,0
18,0.2,1,0,55,0
205,0.1,1,0,55,0
27,33.6,1,0,126,0
183,20.5,1,0,55,0
189,11.2,1,0,35,0
66,80.9,2,1,35,0
237,9.3,1,0,121,0
0,63.5,1,2,103,1
16,0.2,1,0,129,0
257,84.9,1,0,126,0
233,1.2,1,0,19,0
247,0.1,1,0,91,0
1,87.9,1,0,29,1
1,77.7,1,0,126,1
223,4.8,1,0,55,0
1,10.4,1,0,126,1
0,55.7,1,0,111,1
245,4.0,1,0,55,0
7,210.2,2,3,111,1
67,18.5,3,0,29,0
89,69.5,1,2,68,0
215,2.1,1,0,37,0
4,11.2,1,0,89,0
1,59.2,1,0,126,1
98,0.2,1,0,21,0
247,0.2,1,0,101,0
153,225.1,2,0,126,0
193,9.8,1,0,19,0
79,3.8,1,0,129,0
222,27.9,2,0,95,0
135,1.6,1,0,54,0
49,20.8,1,0,89,0
218,0.7,1,0,55,0
143,0.1,1,0,104,0
236,43.9,1,0,120,0
63,6.7,1,0,126,0
19,13.6,1,0,108,0
37,11.4,1,0,131,0
50,22.9,1,0,55,0
211,3.5,4,0,55,0
62,0.6,1,0,55,0
230,4.9,1,0,126,0
101,0.4,1,0,35,0
213,108.3,3,0,55,0
115,17.0,1,0,55,0
129,44.2,2,0,52,0
68,1.1,2,0,29,0
283,1.9,1,0,65,0
65,62.6,1,3,119,0
178,29.6,1,0,55,0
175,35.4,1,0,108,0
219,39.7,1,0,88,0
80,4.4,1,0,52,0
272,4.4,2,0,128,0
2,10.6,1,0,41,1
105,39.6,1,0,126,0
79,5.8,1,0,41,0
66,0.1,1,0,126,0
199,0.1,1,0,55,0
124,15.8,1,0,108,0
83,2.4,1,0,5,0
272,53.8,1,0,29,0
280,32.1,1,0,32,0
5,8.4,1,0,41,0
280,14.4,1,0,126,0
202,0.5,1,0,5,0
120,69.5,1,0,62,0
52,5.9,1,0,7,0
265,0.1,1,0,126,0
65,43.0,1,1,35,0
113,87.3,1,0,52,0
225,20.8,2,0,126,0
276,53.4,1,0,41,0
34,0.2,1,0,29,0
73,0.1,1,0,16,0
3,0.4,1,0,101,0
6,62.8,1,0,19,1
235,5.6,1,0,55,0
63,58.5,1,0,55,0
291,0.3,1,0,108,0
176,46.9,2,0,2,0
41,1.6,1,2,97,0
28,51.4,2,2,55,0
75,25.0,1,0,10,0
13,4.4,1,0,110,0
8,11.1,1,0,88,0
32,0.1,1,0,53,0
0,56.7,1,2,126,1
220,82.3,2,0,41,0
119,0.3,2,0,43,0
140,1.3,1,0,108,0
137,0.2,1,0,118,0
107,3.0,1,0,126,0
289,110.0,1,0,35,0
67,3.0,2,0,97,0
265,0.1,1,0,55,0
255,0.6,1,0,40,0
154,12.8,1,0,5,0
0,10.4,1,0,126,1
180,37.1,1,0,55,0
194,1.2,1,0,55,0
4,168.9,2,4,69,1
167,4.8,1,0,41,0
43,35.2,2,0,89,0
240,175.3,2,0,126,0
226,45.9,2,0,88,0
2,77.5,2,0,49,1
35,0.6,1,0,55,0
42,32.3,2,0,126,0
259,18.1,1,0,55,0
136,47.5,1,0,35,0
203,2.2,1,0,88,0
1,167.3,1,3,126,1
279,11.2,1,0,108,0
39,1.5,2,0,55,0
65,41.0,1,0,55,0
162,0.7,1,0,88,0
208,9.6,1,0,55,0
43,4.4,2,0,129,0
136,1.9,1,0,35,0
196,43.7,1,0,89,0
143,35.2,1,0,131,0
89,283.2,4,7,32,0
194,3.8,1,0,120,0
175,0.2,1,0,12,0
20,38.9,2,2,97,0
246,20.2,1,0,55,0
238,0.1,1,0,121,0
91,11.0,3,0,55,0
145,3.2,1,0,35,0
246,0.5,1,0,105,0
124,0.1,1,0,35,0
196,75.5,1,0,16,0
93,0.5,1,0,73,0
229,1.2,1,0,55,0
19,27.1,1,0,55,0
116,39.1,1,0,133,0
218,1.4,1,0,55,0
4,28.3,2,0,126,1
195,4.5,1,0,126,0
56,12.7,1,0,55,0
186,127.7,2,0,36,0
59,0.5,1,0,55,0
66,6.9,1,0,120,0
8,16.8,1,0,5,0
38,2.9,1,0,55,0
119,61.9,2,0,40,0
165,0.4,1,0,88,0
69,49.6,1,0,101,0
1,3.9,1,0,56,1
194,19.6,1,0,54,0
231,81.1,1,0,129,0
89,11.2,1,0,55,0
66,46.0,1,0,41,0
220,16.8,1,0,30,0
208,18.1,1,0,55,0
233,10.5,1,0,126,0
137,1.6,1,0,35,0
3,29.6,1,0,72,1
8,2.5,1,0,97,0
248,1.2,1,0,126,0
52,3.7,1,0,29,0
111,0.6,1,0,29,0
118,41.7,1,0,120,0
21,0.8,1,0,55,0
73,0.4,1,0,63,0
198,0.1,1,0,129,0
276,58.9,1,0,41,0
0,0.9,1,0,32,1
158,6.8,1,0,40,0
135,1.4,1,0,85,0
26,67.0,1,2,126,0
82,1.4,1,0,88,0
6,5.2,1,0,41,0
73,2.3,1,0,35,0
84,48.3,2,1,55,0
76,0.5,1,0,41,0
38,4.6,1,0,55,0
175,2.3,2,0,96,0
35,0.7,1,0,41,0
51,2.8,1,0,29,0
230,72.4,1,0,126,0
136,41.7,1,0,90,0
268,0.3,1,0,101,0
23,0.2,1,0,35,0
125,36.4,1,0,25,0
203,6.2,1,0,88,0
127,10.6,1,0,119,0
252,0.1,1,0,55,0
10,66.0,1,2,55,0
45,1.2,1,0,10,0
195,2.6,1,0,106,0
66,15.2,1,8,35,0
109,68.8,1,0,106,0
166,11.7,1,0,97,0
283,0.9,1,0,60,0
266,0.1,1,0,55,0
125,169.0,2,3,88,0
106,7.3,1,0,86,0
86,1.6,1,0,55,0
2,95.0,2,0,86,1
97,0.1,1,0,52,0
161,43.7,1,0,55,0
252,226.3,1,0,131,0
50,1.4,1,0,55,0
289,15.7,1,0,88,0
139,0.4,1,0,35,0
103,7.0,1,0,55,0
1,0.1,1,0,10,0
58,86.6,2,0,101,0
77,0.6,1,0,126,0
48,6.3,1,0,7,0
249,0.6,1,0,40,0
30,14.5,1,0,126,0
16,10.6,1,0,35,0
92,2.8,1,0,126,0
147,1.8,1,0,9,0
253,11.3,1,0,55,0
179,317.4,2,0,64,0
154,31.2,1,0,88,0
290,0.7,1,0,88,0
267,26.3,1,0,131,0
146,5.2,1,0,41,0
14,0.5,1,0,55,0
157,261.7,6,0,52,0
45,1.1,1,0,108,0
86,9.4,1,0,55,0
65,84.3,2,1,35,0
291,43.8,1,0,126,0
178,45.2,1,0,126,0
112,1.3,1,0,55,0
72,0.3,1,0,55,0
225,85.0,1,0,88,0
0,0.3,1,0,73,0
211,0.8,1,0,129,0
142,0.5,1,0,55,0
233,11.8,1,0,7,0
64,4.5,1,0,88,0
106,5.3,1,0,88,0
75,10.0,1,0,126,0
0,46.5,1,0,89,1
161,0.3,1,0,88,0
219,2.0,1,0,52,0
214,51.7,1,0,88,0
191,0.3,1,0,126,0
55,1.9,1,0,108,0
0,92.0,1,0,126,1
213,43.0,1,0,129,0
173,134.3,1,0,126,0
270,6.6,1,0,104,0
192,2.9,1,0,88,0
16,0.1,1,0,126,0
74,0.1,1,0,35,0
247,2.2,1,0,35,0
17,0.1,1,0,55,0
73,7.2,1,0,55,0
292,0.2,1,0,41,0
110,14.1,1,0,55,0
165,5.7,1,0,55,0
15,0.3,1,0,55,0
133,0.5,1,0,55,0
64,0.4,2,1,129,0
2,14.8,1,0,126,0
165,0.8,1,0,55,0
80,6.5,1,0,55,0
136,249.5,5,29,29,0
207,0.7,1,0,35,0
56,99.3,1,0,89,0
199,9.5,1,0,89,0
7,82.2,1,1,124,1
1,104.6,1,0,55,1
282,18.9,1,0,36,0
40,0.3,1,0,108,0
5,15.7,2,0,29,0
0,40.9,1,1,124,1
71,306.8,1,0,89,0
282,2.0,1,0,119,0
234,19.5,1,0,126,0
289,35.4,1,0,55,0
212,1.7,1,0,126,0
180,25.9,1,0,29,0
21,5.5,1,0,9,0
141,0.6,1,0,55,0
268,11.3,1,0,55,0
32,0.1,1,0,126,0
199,3.3,1,0,9,0
0,167.8,1,0,126,1
140,4.3,1,0,5,0
110,35.0,1,0,97,0
60,10.4,1,1,35,0
101,0.5,1,1,126,0
240,9.9,1,0,126,0
62,44.0,1,0,88,0
20,0.1,1,0,35,0
3,110.8,1,0,126,1
215,8.3,1,0,55,0
33,1.1,1,0,0,0
39,0.4,1,0,45,0
43,16.0,1,0,101,0
67,690.8,3,2,29,0
4,32.0,2,0,128,0
208,0.8,1,0,55,0
0,14.1,1,0,40,1
14,42.9,1,0,126,0
53,3.3,1,0,55,0
6,34.2,2,0,126,1
268,0.3,1,0,120,0
171,0.1,1,0,120,0
85,1.0,1,0,126,0
0,34.2,1,0,88,1
154,1.4,1,0,62,0
76,45.4,1,2,87,0
66,94.2,1,7,35,0
206,11.3,1,0,35,0
127,14.2,1,0,86,0
56,1.4,1,0,35,0
16,0.1,1,0,34,0
65,75.8,2,0,35,0
247,14.9,1,0,126,0
63,52.2,1,0,5,0
0,73.8,1,0,41,1
182,165.9,1,0,19,0
59,33.6,1,0,19,0
163,28.8,1,0,108,0
197,0.8,1,0,55,0
182,116.9,3,0,35,0
32,0.2,1,0,5,0
120,0.3,1,0,106,0
87,114.6,1,0,88,0
241,1.1,1,0,19,0
15,138.0,1,5,126,0
224,42.7,1,0,63,0
8,0.2,1,0,41,0
51,0.1,1,0,41,0
71,6.3,1,0,55,0
231,2.3,1,0,121,0
79,0.1,1,0,55,0
13,0.1,1,0,55,0
64,2.6,1,0,35,0
148,45.3,2,0,35,0
176,0.1,1,0,55,0
1,2.1,1,0,29,0
10,1.3,1,0,16,0
4,0.1,1,0,121,0
0,12.5,1,0,126,1
177,1.3,1,0,88,0
211,4.5,1,0,10,0
149,0.1,1,0,54,0
165,0.5,1,0,35,0
31,106.1,1,3,41,0
242,4.0,2,0,32,0
11,1.4,1,0,55,0
22,0.6,2,0,55,0
188,41.0,1,0,126,0
169,0.6,1,0,5,0
122,4.5,2,0,55,0
210,1.7,1,0,73,0
71,38.2,1,1,4,0
0,40.8,1,0,126,1
27,0.1,1,0,62,0
230,43.2,1,0,36,0
10,132.8,2,0,41,1
147,28.0,1,0,41,0
134,0.4,1,0,126,0
29,12.1,1,0,119,0
96,1.1,1,0,60,0
85,1.3,2,0,85,0
45,52.8,1,0,53,0
233,9.9,1,0,35,0
73,3.9,1,0,41,0
176,51.3,1,0,41,0
238,0.9,2,0,35,0
282,10.8,1,0,88,0
51,0.3,1,0,29,0
129,7.1,1,0,29,0
0,0.1,1,0,61,1
1,45.0,1,0,55,1
240,25.5,1,0,85,0
64,68.9,2,0,126,0
75,214.2,1,10,35,0
28,1.2,1,4,97,0
141,11.7,1,0,29,0
27,1.8,1,0,35,0
0,4.4,1,0,126,1
129,33.8,1,0,21,0
138,0.2,1,0,55,0
136,1.3,1,0,41,0
215,5.6,1,0,126,0
145,62.3,1,0,58,0
195,39.6,1,0,125,0
86,3.4,1,0,66,0
18,11.0,1,0,29,0
32,1.3,1,0,20,0
244,4.5,1,0,55,0
33,20.1,2,0,126,0
21,0.6,1,0,97,0
140,4.0,1,0,40,0
122,55.0,1,0,126,0
239,0.2,1,0,106,0
107,0.7,1,0,126,0
147,95.0,2,0,35,0
102,10.0,1,0,41,0
101,115.7,1,0,55,0
163,4.4,1,0,55,0
140,110.3,4,0,35,0
2,4.2,1,0,126,0
173,2.6,1,0,9,0
28,0.2,1,0,73,0
99,3.5,1,0,35,0
167,50.9,2,0,55,0
5,0.6,1,0,97,0
129,0.1,1,0,52,0
136,0.1,1,0,128,0
268,260.8,5,0,55,0
1,107.7,1,0,126,1
112,24.5,1,0,126,0
66,0.5,1,0,19,0
0,91.8,1,0,48,1
138,18.4,1,0,126,0
42,0.3,1,0,35,0
253,0.4,1,0,55,0
104,0.1,1,0,55,0
178,22.5,1,0,126,0
48,0.2,1,0,126,0
161,0.5,1,0,0,0
35,1.2,1,0,73,0
123,4.4,1,0,97,0
100,42.8,1,1,133,0
37,0.7,1,0,56,0
113,38.8,3,1,55,0
230,30.1,1,0,55,0
20,6.4,1,0,41,0
120,51.3,1,0,88,0
4,0.8,1,0,29,0
84,96.3,1,0,88,0
123,92.4,1,0,89,0
271,32.9,1,0,55,0
194,6.4,1,0,41,0
253,8.8,1,0,55,0
287,119.4,3,0,53,0
99,70.1,1,0,98,0
273,11.7,1,0,108,0
264,64.0,1,0,126,0
204,45.1,1,0,3,0
154,48.0,1,4,88,0
9,155.8,2,2,41,1
282,34.1,1,0,42,0
7,101.4,3,0,126,1
8,0.2,1,0,12,0
251,1.2,1,0,35,0
104,0.2,1,0,101,0
36,1.6,1,0,58,0
47,1.4,1,0,41,0
170,20.1,1,0,102,0
83,5.6,1,0,108,0
188,18.4,1,0,55,0
223,0.1,1,0,55,0
252,23.5,1,0,16,0
159,0.1,1,0,55,0
0,20.5,1,0,126,1
162,20.0,3,0,62,0
286,2.4,1,0,61,0
29,8.4,1,0,55,0
283,41.4,2,0,41,0
199,417.1,1,0,89,0
142,1.3,1,0,35,0
7,4.6,1,1,126,0
52,1.4,1,0,35,0
279,103.8,1,0,41,0
193,53.9,1,0,126,0
42,42.6,1,1,19,0
37,21.8,1,0,3,0
100,41.1,2,0,40,0
286,13.7,1,0,52,0
170,22.6,1,0,55,0
0,7.3,1,0,9,1
65,34.3,1,0,126,0
19,0.8,1,0,29,0
259,14.0,1,0,37,0
17,25.4,1,3,97,0
79,2.6,1,0,55,0
153,68.1,2,0,36,0
69,0.1,1,0,97,0
161,0.2,1,0,55,0
15,1.9,1,0,29,0
46,189.0,3,0,38,0
76,0.9,1,0,36,0
12,3.1,1,0,29,0
34,0.1,1,0,53,0
88,3.0,1,0,55,0
129,8.4,1,0,55,0
22,0.3,1,0,19,0
17,1.5,2,0,97,0
112,6.4,1,0,85,0
14,1.1,1,0,7,0
111,1.5,1,0,55,0
43,191.3,4,11,35,0
211,8.2,1,0,3,0
21,93.7,1,0,88,1
65,95.5,2,2,108,0
65,3.6,1,0,95,0
257,0.2,1,0,55,0
